Satélite,TLE Época,Timestamp,Latitud (°),Longitud (°),Altitud (km),Elevación (°),Azimut (°),Distancia (km),FSPL_UL (dB),A_lluvia (dB),SNR_UL (dB),VISIBLE (1/0)
ASTROCAST-0401,2025-12-01T05:48:39.485952+00:00,2025-12-01T05:48:39.485952+00:00,-2.6e-05,-96.480441,501.893,-71.212,338.778,12610.761,180.03,0.0,-21.77,0
ASTROCAST-0401,2025-12-01T05:48:39.485952+00:00,2025-12-01T05:53:39.485952+00:00,18.957828,-100.331327,500.854,-62.043,350.034,11839.977,179.48,0.0,-21.22,0
ASTROCAST-0401,2025-12-01T05:48:39.485952+00:00,2025-12-01T05:58:39.485952+00:00,37.83952,-104.870336,502.475,-52.427,356.721,10741.975,178.64,0.0,-20.38,0
ASTROCAST-0401,2025-12-01T05:48:39.485952+00:00,2025-12-01T06:03:39.485952+00:00,56.508489,-111.747209,505.018,-42.524,1.617,9345.978,177.43,0.0,-19.17,0
ASTROCAST-0401,2025-12-01T05:48:39.485952+00:00,2025-12-01T06:08:39.485952+00:00,74.365859,-129.649173,506.367,-32.3,5.842,7690.984,175.73,0.0,-17.48,0
ASTROCAST-0401,2025-12-01T05:48:39.485952+00:00,2025-12-01T06:13:39.485952+00:00,80.847942,132.355866,505.044,-21.526,10.225,5826.001,173.32,0.0,-15.06,0
ASTROCAST-0401,2025-12-01T05:48:39.485952+00:00,2025-12-01T06:18:39.485952+00:00,64.711619,92.257818,500.918,-9.393,16.348,3815.319,169.65,0.0,-11.39,0
ASTROCAST-0401,2025-12-01T05:48:39.485952+00:00,2025-12-01T06:23:39.485952+00:00,46.212805,82.691985,495.341,8.417,32.458,1790.798,163.08,0.036,-4.85,0
ASTROCAST-0401,2025-12-01T05:48:39.485952+00:00,2025-12-01T06:28:39.485952+00:00,27.349068,77.438231,490.631,21.897,139.597,1106.507,158.89,0.014,-0.65,1
ASTROCAST-0401,2025-12-01T05:48:39.485952+00:00,2025-12-01T06:33:39.485952+00:00,8.349654,73.381294,489.105,-3.712,174.969,2981.896,167.5,0.0,-9.25,0
ASTROCAST-0401,2025-12-01T05:48:39.485952+00:00,2025-12-01T06:38:39.485952+00:00,-10.677227,69.593138,492.036,-17.209,182.227,5039.367,172.06,0.0,-13.8,0
ASTROCAST-0401,2025-12-01T05:48:39.485952+00:00,2025-12-01T06:43:39.485952+00:00,-29.635939,65.460194,499.016,-28.504,185.567,6993.567,174.91,0.0,-16.65,0
ASTROCAST-0401,2025-12-01T05:48:39.485952+00:00,2025-12-01T06:48:39.485952+00:00,-48.41823,59.957738,508.049,-39.091,187.527,8764.229,176.87,0.0,-18.61,0
ASTROCAST-0401,2025-12-01T05:48:39.485952+00:00,2025-12-01T06:53:39.485952+00:00,-66.762781,49.350927,516.331,-49.366,188.7,10294.819,178.27,0.0,-20.01,0
ASTROCAST-0401,2025-12-01T05:48:39.485952+00:00,2025-12-01T06:58:39.485952+00:00,-81.845325,-1.192202,521.334,-59.479,189.186,11539.94,179.26,0.0,-21.0,0
ASTROCAST-0401,2025-12-01T05:48:39.485952+00:00,2025-12-01T07:03:39.485952+00:00,-72.603127,-90.290613,521.754,-69.496,188.661,12463.556,179.93,0.0,-21.67,0
ASTROCAST-0401,2025-12-01T05:48:39.485952+00:00,2025-12-01T07:08:39.485952+00:00,-54.648626,-105.746158,517.939,-79.43,185.142,13038.886,180.32,0.0,-22.06,0
ASTROCAST-0401,2025-12-01T05:48:39.485952+00:00,2025-12-01T07:13:39.485952+00:00,-36.009912,-112.219109,511.698,-88.335,120.763,13248.802,180.46,0.0,-22.2,0
ASTROCAST-0401,2025-12-01T05:48:39.485952+00:00,2025-12-01T07:18:39.485952+00:00,-17.155871,-116.641606,505.535,-80.358,24.112,13086.463,180.35,0.0,-22.09,0
ASTROCAST-0401,2025-12-01T05:48:39.485952+00:00,2025-12-01T07:23:39.485952+00:00,1.792617,-120.465768,501.613,-70.426,19.268,12555.956,179.99,0.0,-21.73,0
ASTROCAST-0401,2025-12-01T05:48:39.485952+00:00,2025-12-01T07:28:39.485952+00:00,20.747533,-124.347346,500.864,-60.406,17.389,11672.695,179.36,0.0,-21.1,0
ASTROCAST-0401,2025-12-01T05:48:39.485952+00:00,2025-12-01T07:33:39.485952+00:00,39.616786,-129.006835,502.654,-50.305,15.905,10463.421,178.41,0.0,-20.15,0
ASTROCAST-0401,2025-12-01T05:48:39.485952+00:00,2025-12-01T07:38:39.485952+00:00,58.252031,-136.306301,505.167,-40.075,14.135,8966.03,177.07,0.0,-18.81,0
ASTROCAST-0401,2025-12-01T05:48:39.485952+00:00,2025-12-01T07:43:39.485952+00:00,75.907419,-156.980029,506.307,-29.602,11.493,7230.159,175.2,0.0,-16.94,0
ASTROCAST-0401,2025-12-01T05:48:39.485952+00:00,2025-12-01T07:48:39.485952+00:00,79.723817,100.296471,504.701,-18.606,6.823,5322.016,172.54,0.0,-14.28,0
ASTROCAST-0401,2025-12-01T05:48:39.485952+00:00,2025-12-01T07:53:39.485952+00:00,62.993715,67.294625,500.362,-6.222,356.35,3352.548,168.52,0.0,-10.26,0
ASTROCAST-0401,2025-12-01T05:48:39.485952+00:00,2025-12-01T07:58:39.485952+00:00,44.43781,58.464735,494.763,9.484,320.234,1714.688,162.7,0.032,-4.47,0
ASTROCAST-0401,2025-12-01T05:48:39.485952+00:00,2025-12-01T08:03:39.485952+00:00,25.555041,53.393449,490.271,4.643,245.873,2082.125,164.39,0.0,-6.13,0
ASTROCAST-0401,2025-12-01T05:48:39.485952+00:00,2025-12-01T08:08:39.485952+00:00,6.548623,49.390816,489.144,-10.171,221.272,3900.689,169.84,0.0,-11.58,0
ASTROCAST-0401,2025-12-01T05:48:39.485952+00:00,2025-12-01T08:13:39.485952+00:00,-12.476036,45.596992,492.511,-21.932,212.243,5854.307,173.36,0.0,-15.1,0
ASTROCAST-0401,2025-12-01T05:48:39.485952+00:00,2025-12-01T08:18:39.485952+00:00,-31.423342,41.392486,499.798,-32.608,206.745,7698.064,175.74,0.0,-17.48,0
ASTROCAST-0401,2025-12-01T05:48:39.485952+00:00,2025-12-01T08:23:39.485952+00:00,-50.180943,35.654878,508.889,-42.784,201.991,9341.578,177.42,0.0,-19.16,0
ASTROCAST-0401,2025-12-01T05:48:39.485952+00:00,2025-12-01T08:28:39.485952+00:00,-68.4448,23.983961,516.959,-52.619,196.628,10726.709,178.62,0.0,-20.36,0
ASTROCAST-0401,2025-12-01T05:48:39.485952+00:00,2025-12-01T08:33:39.485952+00:00,-82.352618,-37.437786,521.561,-62.077,189.08,11810.528,179.46,0.0,-21.2,0
ASTROCAST-0401,2025-12-01T05:48:39.485952+00:00,2025-12-01T08:38:39.485952+00:00,-70.979994,-116.442938,521.536,-70.841,175.839,12561.715,180.0,0.0,-21.74,0
ASTROCAST-0401,2025-12-01T05:48:39.485952+00:00,2025-12-01T08:43:39.485952+00:00,-52.899508,-130.167622,517.393,-77.57,147.05,12959.739,180.27,0.0,-22.01,0
ASTROCAST-0401,2025-12-01T05:48:39.485952+00:00,2025-12-01T08:48:39.485952+00:00,-34.231668,-136.320275,511.043,-78.213,97.344,12994.969,180.29,0.0,-22.03,0
ASTROCAST-0401,2025-12-01T05:48:39.485952+00:00,2025-12-01T08:53:39.485952+00:00,-15.364491,-140.647038,505.007,-72.153,64.377,12669.226,180.07,0.0,-21.81,0
ASTROCAST-0401,2025-12-01T05:48:39.485952+00:00,2025-12-01T08:58:39.485952+00:00,3.588478,-144.451988,501.362,-63.696,48.803,11996.533,179.6,0.0,-21.34,0
ASTROCAST-0401,2025-12-01T05:48:39.485952+00:00,2025-12-01T09:03:39.485952+00:00,22.539656,-148.370214,500.896,-54.534,39.342,11004.003,178.85,0.0,-20.59,0
ASTROCAST-0401,2025-12-01T05:48:39.485952+00:00,2025-12-01T09:08:39.485952+00:00,41.395299,-153.164401,502.839,-45.116,31.737,9733.24,177.78,0.0,-19.52,0
ASTROCAST-0401,2025-12-01T05:48:39.485952+00:00,2025-12-01T09:13:39.485952+00:00,59.992521,-160.950549,505.303,-35.602,23.977,8243.893,176.34,0.0,-18.08,0
ASTROCAST-0401,2025-12-01T05:48:39.485952+00:00,2025-12-01T09:18:39.485952+00:00,77.38598,174.841706,506.221,-26.102,14.259,6624.479,174.44,0.0,-16.18,0
ASTROCAST-0401,2025-12-01T05:48:39.485952+00:00,2025-12-01T09:23:39.485952+00:00,78.428341,69.954048,504.332,-16.876,359.647,5027.063,172.04,0.0,-13.78,0
ASTROCAST-0401,2025-12-01T05:48:39.485952+00:00,2025-12-01T09:28:39.485952+00:00,61.262909,42.464647,499.793,-9.118,334.683,3771.99,169.55,0.0,-11.29,0
ASTROCAST-0401,2025-12-01T05:48:39.485952+00:00,2025-12-01T09:33:39.485952+00:00,42.657098,34.2648,494.196,-7.037,297.62,3457.055,168.79,0.0,-10.53,0
ASTROCAST-0401,2025-12-01T05:48:39.485952+00:00,2025-12-01T09:38:39.485952+00:00,23.75678,29.356838,489.944,-12.709,265.528,4312.404,170.71,0.0,-12.45,0
ASTROCAST-0401,2025-12-01T05:48:39.485952+00:00,2025-12-01T09:43:39.485952+00:00,4.744265,25.401653,489.226,-21.38,245.964,5767.294,173.23,0.0,-14.97,0
ASTROCAST-0401,2025-12-01T05:48:39.485952+00:00,2025-12-01T09:48:39.485952+00:00,-14.277311,21.597,493.025,-30.559,233.189,7355.142,175.35,0.0,-17.09,0
ASTROCAST-0401,2025-12-01T05:48:39.485952+00:00,2025-12-01T09:53:39.485952+00:00,-33.212243,17.311931,500.599,-39.682,223.009,8862.747,176.97,0.0,-18.71,0
ASTROCAST-0401,2025-12-01T05:48:39.485952+00:00,2025-12-01T09:58:39.485952+00:00,-51.943041,11.308771,509.722,-48.534,213.076,10181.69,178.17,0.0,-19.91,0
ASTROCAST-0401,2025-12-01T05:48:39.485952+00:00,2025-12-01T10:03:39.485952+00:00,-70.111024,-1.644266,517.556,-56.867,201.445,11246.448,179.04,0.0,-20.78,0
ASTROCAST-0401,2025-12-01T05:48:39.485952+00:00,2025-12-01T10:08:39.485952+00:00,-82.4621,-74.740824,521.744,-64.189,185.581,12014.52,179.61,0.0,-21.35,0
ASTROCAST-0401,2025-12-01T05:48:39.485952+00:00,2025-12-01T10:13:39.485952+00:00,-69.3273,-142.231068,521.28,-69.432,162.107,12459.542,179.93,0.0,-21.67,0
ASTROCAST-0401,2025-12-01T05:48:39.485952+00:00,2025-12-01T10:18:39.485952+00:00,-51.14315,-154.538064,516.824,-70.86,131.159,12568.818,180.0,0.0,-21.74,0
ASTROCAST-0401,2025-12-01T05:48:39.485952+00:00,2025-12-01T10:23:39.485952+00:00,-32.448623,-160.407555,510.389,-67.782,102.364,12342.708,179.84,0.0,-21.58,0
ASTROCAST-0401,2025-12-01T05:48:39.485952+00:00,2025-12-01T10:28:39.485952+00:00,-13.569205,-164.648594,504.498,-61.691,81.812,11795.064,179.45,0.0,-21.19,0
ASTROCAST-0401,2025-12-01T05:48:39.485952+00:00,2025-12-01T10:33:39.485952+00:00,5.387486,-168.439572,501.138,-54.168,67.128,10954.498,178.81,0.0,-20.55,0
ASTROCAST-0401,2025-12-01T05:48:39.485952+00:00,2025-12-01T10:38:39.485952+00:00,24.33411,-172.400748,500.95,-46.051,55.101,9866.847,177.9,0.0,-19.64,0
ASTROCAST-0401,2025-12-01T05:48:39.485952+00:00,2025-12-01T10:43:39.485952+00:00,43.174877,-177.345632,503.027,-37.789,43.479,8600.398,176.71,0.0,-18.45,0
ASTROCAST-0401,2025-12-01T05:48:39.485952+00:00,2025-12-01T10:48:39.485952+00:00,61.728891,174.304318,505.424,-29.758,30.342,7257.897,175.23,0.0,-16.97,0
ASTROCAST-0401,2025-12-01T05:48:39.485952+00:00,2025-12-01T10:53:39.485952+00:00,78.775197,145.539632,506.109,-22.531,13.499,6002.858,173.58,0.0,-15.32,0
ASTROCAST-0401,2025-12-01T05:48:39.485952+00:00,2025-12-01T10:58:39.485952+00:00,77.011241,40.966075,503.937,-17.3,350.77,5098.297,172.16,0.0,-13.9,0
ASTROCAST-0401,2025-12-01T05:48:39.485952+00:00,2025-12-01T11:03:39.485952+00:00,59.520714,17.745942,499.214,-15.965,323.116,4866.564,171.76,0.0,-13.5,0
ASTROCAST-0401,2025-12-01T05:48:39.485952+00:00,2025-12-01T11:08:39.485952+00:00,40.870878,10.089133,493.642,-19.218,296.955,5411.641,172.68,0.0,-14.42,0
ASTROCAST-0401,2025-12-01T05:48:39.485952+00:00,2025-12-01T11:13:39.485952+00:00,21.954374,5.327529,489.65,-25.423,276.605,6481.417,174.25,0.0,-15.99,0
ASTROCAST-0401,2025-12-01T05:48:39.485952+00:00,2025-12-01T11:18:39.485952+00:00,2.936659,1.413328,489.352,-32.878,260.996,7758.295,175.81,0.0,-17.55,0
ASTROCAST-0401,2025-12-01T05:48:39.485952+00:00,2025-12-01T11:23:39.485952+00:00,-16.080968,-2.407428,493.576,-40.695,247.742,9028.517,177.13,0.0,-18.87,0
ASTROCAST-0401,2025-12-01T05:48:39.485952+00:00,2025-12-01T11:28:39.485952+00:00,-35.002521,-6.782939,501.417,-48.377,234.807,10163.649,178.16,0.0,-19.9,0
ASTROCAST-0401,2025-12-01T05:48:39.485952+00:00,2025-12-01T11:33:39.485952+00:00,-53.704095,-13.087035,510.546,-55.479,220.335,11083.891,178.91,0.0,-20.65,0
ASTROCAST-0401,2025-12-01T05:48:39.485952+00:00,2025-12-01T11:38:39.485952+00:00,-71.75641,-27.602083,518.121,-61.373,202.361,11738.56,179.41,0.0,-21.15,0
ASTROCAST-0401,2025-12-01T05:48:39.485952+00:00,2025-12-01T11:43:39.485952+00:00,-82.155049,-111.721091,521.885,-65.09,179.462,12097.193,179.67,0.0,-21.41,0
ASTROCAST-0401,2025-12-01T05:48:39.485952+00:00,2025-12-01T11:48:39.485952+00:00,-67.650739,-167.730976,520.985,-65.591,153.333,12145.586,179.7,0.0,-21.44,0
ASTROCAST-0401,2025-12-01T05:48:39.485952+00:00,2025-12-01T11:53:39.485952+00:00,-49.379974,-178.864041,516.235,-62.722,129.104,11884.271,179.51,0.0,-21.25,0
ASTROCAST-0401,2025-12-01T05:48:39.485952+00:00,2025-12-01T11:58:39.485952+00:00,-30.660876,175.517638,509.738,-57.42,109.645,11328.582,179.1,0.0,-20.84,0
ASTROCAST-0401,2025-12-01T05:48:39.485952+00:00,2025-12-01T12:03:39.485952+00:00,-11.770081,171.353158,504.011,-50.756,94.044,10510.131,178.45,0.0,-20.19,0
ASTROCAST-0401,2025-12-01T05:48:39.485952+00:00,2025-12-01T12:08:39.485952+00:00,7.18957,167.570999,500.942,-43.467,80.343,9480.211,177.55,0.0,-19.29,0
ASTROCAST-0401,2025-12-01T05:48:39.485952+00:00,2025-12-01T12:13:39.485952+00:00,26.130806,163.560154,501.023,-36.067,66.702,8316.716,176.41,0.0,-18.15,0
ASTROCAST-0401,2025-12-01T05:48:39.485952+00:00,2025-12-01T12:18:39.485952+00:00,44.955314,158.446472,503.218,-29.065,51.338,7137.83,175.09,0.0,-16.83,0
ASTROCAST-0401,2025-12-01T05:48:39.485952+00:00,2025-12-01T12:23:39.485952+00:00,63.459793,149.438607,505.528,-23.219,32.44,6123.954,173.76,0.0,-15.5,0
ASTROCAST-0401,2025-12-01T05:48:39.485952+00:00,2025-12-01T12:28:39.485952+00:00,80.035996,114.763233,505.97,-19.766,9.117,5523.692,172.86,0.0,-14.6,0
ASTROCAST-0401,2025-12-01T05:48:39.485952+00:00,2025-12-01T12:33:39.485952+00:00,75.506833,13.011904,503.519,-19.965,343.672,5553.711,172.91,0.0,-14.65,0
ASTROCAST-0401,2025-12-01T05:48:39.485952+00:00,2025-12-01T12:38:39.485952+00:00,57.768324,-6.879003,498.627,-23.73,320.69,6201.103,173.86,0.0,-15.6,0
ASTROCAST-0401,2025-12-01T05:48:39.485952+00:00,2025-12-01T12:43:39.485952+00:00,39.079332,-14.064915,493.102,-29.74,302.122,7237.485,175.21,0.0,-16.95,0
ASTROCAST-0401,2025-12-01T05:48:39.485952+00:00,2025-12-01T12:48:39.485952+00:00,20.147911,-18.69528,489.392,-36.8,286.901,8418.283,176.52,0.0,-18.26,0
ASTROCAST-0401,2025-12-01T05:48:39.485952+00:00,2025-12-01T12:53:39.485952+00:00,1.125888,-22.574632,489.522,-44.183,273.199,9569.326,177.63,0.0,-19.37,0
ASTROCAST-0401,2025-12-01T05:48:39.485952+00:00,2025-12-01T12:58:39.485952+00:00,-17.886918,-26.416926,494.164,-51.385,259.231,10576.844,178.5,0.0,-20.24,0
ASTROCAST-0401,2025-12-01T05:48:39.485952+00:00,2025-12-01T13:03:39.485952+00:00,-36.794045,-30.89378,502.25,-57.869,243.16,11366.101,179.13,0.0,-20.87,0
ASTROCAST-0401,2025-12-01T05:48:39.485952+00:00,2025-12-01T13:08:39.485952+00:00,-55.46359,-37.540281,511.357,-62.863,223.129,11888.499,179.52,0.0,-21.26,0
ASTROCAST-0401,2025-12-01T05:48:39.485952+00:00,2025-12-01T13:13:39.485952+00:00,-73.373968,-53.981524,518.652,-65.302,198.639,12115.026,179.68,0.0,-21.42,0
ASTROCAST-0401,2025-12-01T05:48:39.485952+00:00,2025-12-01T13:18:39.485952+00:00,-81.474437,-147.175322,521.983,-64.384,172.97,12033.001,179.62,0.0,-21.36,0
ASTROCAST-0401,2025-12-01T05:48:39.485952+00:00,2025-12-01T13:23:39.485952+00:00,-65.954484,167.000148,520.654,-60.415,150.812,11644.66,179.34,0.0,-21.08,0
ASTROCAST-0401,2025-12-01T05:48:39.485952+00:00,2025-12-01T13:28:39.485952+00:00,-47.610335,156.848921,515.628,-54.434,133.305,10967.207,178.82,0.0,-20.56,0
ASTROCAST-0401,2025-12-01T05:48:39.485952+00:00,2025-12-01T13:33:39.485952+00:00,-28.868521,151.454034,509.092,-47.352,118.948,10034.525,178.05,0.0,-19.79,0
ASTROCAST-0401,2025-12-01T05:48:39.485952+00:00,2025-12-01T13:38:39.485952+00:00,-9.967188,147.357677,503.547,-39.768,105.845,8901.57,177.0,0.0,-18.74,0
ASTROCAST-0401,2025-12-01T05:48:39.485952+00:00,2025-12-01T13:43:39.485952+00:00,8.994657,143.579227,500.774,-32.135,92.178,7654.055,175.69,0.0,-17.43,0
ASTROCAST-0401,2025-12-01T05:48:39.485952+00:00,2025-12-01T13:48:39.485952+00:00,27.929652,139.511507,501.116,-24.995,75.942,6428.9,174.18,0.0,-15.92,0
ASTROCAST-0401,2025-12-01T05:48:39.485952+00:00,2025-12-01T13:53:39.485952+00:00,46.736375,134.208426,503.41,-19.317,54.976,5447.976,172.74,0.0,-14.48,0
ASTROCAST-0401,2025-12-01T05:48:39.485952+00:00,2025-12-01T13:58:39.485952+00:00,65.183501,124.427374,505.615,-16.779,28.898,5016.146,172.02,0.0,-13.76,0
ASTROCAST-0401,2025-12-01T05:48:39.485952+00:00,2025-12-01T14:03:39.485952+00:00,81.111689,82.131859,505.803,-18.653,2.299,5332.21,172.55,0.0,-14.29,0
ASTROCAST-0401,2025-12-01T05:48:39.485952+00:00,2025-12-01T14:08:39.485952+00:00,73.938426,-14.158858,503.077,-24.041,340.559,6260.477,173.95,0.0,-15.69,0
ASTROCAST-0401,2025-12-01T05:48:39.485952+00:00,2025-12-01T14:13:39.485952+00:00,56.006695,-31.424316,498.033,-31.224,324.098,7497.735,175.51,0.0,-17.25,0
ASTROCAST-0401,2025-12-01T05:48:39.485952+00:00,2025-12-01T14:18:39.485952+00:00,37.282623,-38.199661,492.58,-39.138,310.868,8802.177,176.91,0.0,-18.65,0
ASTROCAST-0401,2025-12-01T05:48:39.485952+00:00,2025-12-01T14:23:39.485952+00:00,18.337476,-42.712331,489.17,-47.233,298.808,10020.113,178.03,0.0,-19.77,0
ASTROCAST-0401,2025-12-01T05:48:39.485952+00:00,2025-12-01T14:28:39.485952+00:00,-0.687967,-46.562698,489.736,-55.106,286.005,11052.995,178.88,0.0,-20.62,0
ASTROCAST-0401,2025-12-01T05:48:39.485952+00:00,2025-12-01T14:33:39.485952+00:00,-19.695075,-50.432172,494.786,-62.239,270.146,11834.991,179.48,0.0,-21.22,0
ASTROCAST-0401,2025-12-01T05:48:39.485952+00:00,2025-12-01T14:38:39.485952+00:00,-38.586673,-55.022467,503.095,-67.684,248.24,12322.46,179.83,0.0,-21.57,0
ASTROCAST-0401,2025-12-01T05:48:39.485952+00:00,2025-12-01T14:43:39.485952+00:00,-57.220902,-62.06033,512.153,-69.875,219.331,12489.174,179.95,0.0,-21.69,0
ASTROCAST-0401,2025-12-01T05:48:39.485952+00:00,2025-12-01T14:48:39.485952+00:00,-74.953821,-80.907945,519.146,-67.753,190.379,12323.93,179.83,0.0,-21.57,0
ASTROCAST-0401,2025-12-01T05:48:39.485952+00:00,2025-12-01T14:53:39.485952+00:00,-80.498455,179.401761,522.036,-62.257,168.634,11829.307,179.47,0.0,-21.21,0
ASTROCAST-0401,2025-12-01T05:48:39.485952+00:00,2025-12-01T14:58:39.485952+00:00,-64.241653,141.918712,520.287,-54.923,153.387,11021.32,178.86,0.0,-20.6,0
ASTROCAST-0401,2025-12-01T05:48:39.485952+00:00,2025-12-01T15:03:39.485952+00:00,-45.83453,132.596128,515.005,-46.674,141.689,9930.357,177.95,0.0,-19.69,0
ASTROCAST-0401,2025-12-01T05:48:39.485952+00:00,2025-12-01T15:08:39.485952+00:00,-27.071646,127.400487,508.452,-37.962,131.254,8604.482,176.71,0.0,-18.45,0
ASTROCAST-0401,2025-12-01T05:48:39.485952+00:00,2025-12-01T15:13:39.485952+00:00,-8.160594,123.364441,503.107,-29.053,120.141,7118.453,175.06,0.0,-16.8,0
ASTROCAST-0401,2025-12-01T05:48:39.485952+00:00,2025-12-01T15:18:39.485952+00:00,10.802672,119.584593,500.634,-20.255,105.829,5599.069,172.98,0.0,-14.72,0
ASTROCAST-0401,2025-12-01T05:48:39.485952+00:00,2025-12-01T15:23:39.485952+00:00,29.73055,115.452218,501.225,-12.437,84.1,4296.316,170.68,0.0,-12.42,0
ASTROCAST-0401,2025-12-01T05:48:39.485952+00:00,2025-12-01T15:28:39.485952+00:00,48.517787,109.936157,503.6,-8.51,51.481,3694.202,169.37,0.0,-11.11,0
ASTROCAST-0401,2025-12-01T05:48:39.485952+00:00,2025-12-01T15:33:39.485952+00:00,66.897772,99.238632,505.682,-11.786,18.062,4197.008,170.47,0.0,-12.21,0
ASTROCAST-0401,2025-12-01T05:48:39.485952+00:00,2025-12-01T15:38:39.485952+00:00,81.925852,47.397739,505.608,-19.511,355.657,5478.989,172.79,0.0,-14.53,0
ASTROCAST-0401,2025-12-01T05:48:39.485952+00:00,2025-12-01T15:43:39.485952+00:00,72.32193,-40.732834,502.612,-28.511,341.675,7036.263,174.96,0.0,-16.7,0
ASTROCAST-0401,2025-12-01T05:48:39.485952+00:00,2025-12-01T15:48:39.485952+00:00,54.236599,-55.901507,497.435,-37.815,331.764,8594.828,176.7,0.0,-18.44,0
ASTROCAST-0401,2025-12-01T05:48:39.485952+00:00,2025-12-01T15:53:39.485952+00:00,35.480899,-62.317142,492.077,-47.152,323.377,10013.978,178.03,0.0,-19.77,0
ASTROCAST-0401,2025-12-01T05:48:39.485952+00:00,2025-12-01T15:58:39.485952+00:00,16.523155,-66.724316,488.988,-56.361,314.684,11208.19,179.01,0.0,-20.75,0
ASTROCAST-0401,2025-12-01T05:48:39.485952+00:00,2025-12-01T16:03:39.485952+00:00,-2.504824,-70.551344,489.994,-65.194,303.301,12119.331,179.68,0.0,-21.42,0
ASTROCAST-0401,2025-12-01T05:48:39.485952+00:00,2025-12-01T16:08:39.485952+00:00,-21.505349,-74.453902,495.441,-72.964,284.058,12707.448,180.1,0.0,-21.84,0
ASTROCAST-0401,2025-12-01T05:48:39.485952+00:00,2025-12-01T16:13:39.485952+00:00,-40.380248,-79.171139,503.95,-77.422,247.073,12947.544,180.26,0.0,-22.0,0
ASTROCAST-0401,2025-12-01T05:48:39.485952+00:00,2025-12-01T16:18:39.485952+00:00,-58.975264,-86.658611,512.931,-75.135,204.081,12828.138,180.18,0.0,-21.92,0
ASTROCAST-0401,2025-12-01T05:48:39.485952+00:00,2025-12-01T16:23:39.485952+00:00,-76.481719,-108.553121,519.604,-68.08,180.093,12350.251,179.85,0.0,-21.59,0
ASTROCAST-0401,2025-12-01T05:48:39.485952+00:00,2025-12-01T16:28:39.485952+00:00,-79.306079,147.923786,522.046,-59.343,167.72,11526.56,179.25,0.0,-20.99,0
ASTROCAST-0401,2025-12-01T05:48:39.485952+00:00,2025-12-01T16:33:39.485952+00:00,-62.514609,116.991064,519.885,-49.946,159.967,10380.893,178.34,0.0,-20.08,0
ASTROCAST-0401,2025-12-01T05:48:39.485952+00:00,2025-12-01T16:38:39.485952+00:00,-44.052816,108.37357,514.368,-40.167,153.988,8948.434,177.05,0.0,-18.79,0
ASTROCAST-0401,2025-12-01T05:48:39.485952+00:00,2025-12-01T16:43:39.485952+00:00,-25.270334,103.355959,507.822,-30.031,148.225,7277.608,175.25,0.0,-17.0,0
ASTROCAST-0401,2025-12-01T05:48:39.485952+00:00,2025-12-01T16:48:39.485952+00:00,-6.350368,99.372945,502.692,-19.373,140.961,5437.537,172.72,0.0,-14.46,0
ASTROCAST-0401,2025-12-01T05:48:39.485952+00:00,2025-12-01T16:53:39.485952+00:00,12.61354,95.586553,500.522,-7.631,128.028,3553.176,169.03,0.0,-10.77,0
ASTROCAST-0401,2025-12-01T05:48:39.485952+00:00,2025-12-01T16:58:39.485952+00:00,31.533394,91.381072,501.351,5.487,92.896,2038.41,164.2,0.058,-6.0,0
ASTROCAST-0401,2025-12-01T05:48:39.485952+00:00,2025-12-01T17:03:39.485952+00:00,50.299229,85.624876,503.787,2.874,28.826,2281.352,165.18,0.0,-6.92,0
ASTROCAST-0401,2025-12-01T05:48:39.485952+00:00,2025-12-01T17:08:39.485952+00:00,68.599651,73.830809,505.729,-10.306,1.711,3965.422,169.98,0.0,-11.72,0
ASTROCAST-0401,2025-12-01T05:48:39.485952+00:00,2025-12-01T17:13:39.485952+00:00,82.391777,10.776763,505.385,-21.834,351.626,5879.976,173.4,0.0,-15.14,0
ASTROCAST-0401,2025-12-01T05:48:39.485952+00:00,2025-12-01T17:18:39.485952+00:00,70.668372,-66.847227,502.127,-32.528,346.434,7723.276,175.77,0.0,-17.51,0
ASTROCAST-0401,2025-12-01T05:48:39.485952+00:00,2025-12-01T17:23:39.485952+00:00,52.458668,-80.32004,496.836,-42.863,343.077,9387.057,177.47,0.0,-19.21,0
ASTROCAST-0401,2025-12-01T05:48:39.485952+00:00,2025-12-01T17:28:39.485952+00:00,33.674294,-86.419159,491.596,-53.018,340.396,10804.394,178.69,0.0,-20.43,0
ASTROCAST-0401,2025-12-01T05:48:39.485952+00:00,2025-12-01T17:33:39.485952+00:00,14.705031,-90.731883,488.845,-63.061,337.558,11925.677,179.54,0.0,-21.29,0
ASTROCAST-0401,2025-12-01T05:48:39.485952+00:00,2025-12-01T17:38:39.485952+00:00,-4.324598,-94.54105,490.297,-72.993,332.984,12713.93,180.1,0.0,-21.84,0
ASTROCAST-0401,2025-12-01T05:48:39.485952+00:00,2025-12-01T17:43:39.485952+00:00,-23.317646,-98.482911,496.129,-82.589,318.051,13144.118,180.39,0.0,-22.13,0
ASTROCAST-0401,2025-12-01T05:48:39.485952+00:00,2025-12-01T17:48:39.485952+00:00,-42.174594,-103.342242,504.812,-85.401,207.421,13203.162,180.43,0.0,-22.17,0
ASTROCAST-0401,2025-12-01T05:48:39.485952+00:00,2025-12-01T17:53:39.485952+00:00,-60.725727,-111.349209,513.691,-76.301,177.2,12889.698,180.22,0.0,-21.96,0
ASTROCAST-0401,2025-12-01T05:48:39.485952+00:00,2025-12-01T17:58:39.485952+00:00,-77.936732,-137.151224,520.022,-66.426,171.924,12213.435,179.75,0.0,-21.49,0
ASTROCAST-0401,2025-12-01T05:48:39.485952+00:00,2025-12-01T18:03:39.485952+00:00,-77.959981,118.054456,522.013,-56.401,170.207,11194.3,179.0,0.0,-20.74,0
ASTROCAST-0401,2025-12-01T05:48:39.485952+00:00,2025-12-01T18:08:39.485952+00:00,-60.775172,92.190901,519.45,-46.239,169.779,9861.632,177.89,0.0,-19.63,0
ASTROCAST-0401,2025-12-01T05:48:39.485952+00:00,2025-12-01T18:13:39.485952+00:00,-42.265411,84.177797,513.719,-35.863,170.112,8253.587,176.35,0.0,-18.09,0
ASTROCAST-0401,2025-12-01T05:48:39.485952+00:00,2025-12-01T18:18:39.485952+00:00,-23.464664,79.319503,507.203,-25.067,171.146,6416.918,174.16,0.0,-15.9,0
ASTROCAST-0401,2025-12-01T05:48:39.485952+00:00,2025-12-01T18:23:39.485952+00:00,-4.536581,75.382696,502.303,-13.239,173.273,4408.082,170.9,0.0,-12.64,0
ASTROCAST-0401,2025-12-01T05:48:39.485952+00:00,2025-12-01T18:28:39.485952+00:00,14.427185,71.584534,500.436,2.507,178.831,2305.596,165.27,0.0,-7.01,0
ASTROCAST-0401,2025-12-01T05:48:39.485952+00:00,2025-12-01T18:33:39.485952+00:00,33.338072,67.29671,501.491,50.867,258.176,630.799,154.01,0.007,4.24,1
ASTROCAST-0401,2025-12-01T05:48:39.485952+00:00,2025-12-01T18:38:39.485952+00:00,52.080324,61.268904,503.969,2.88,341.324,2280.807,165.18,0.0,-6.92,0
ASTROCAST-0401,2025-12-01T05:48:39.485952+00:00,2025-12-01T18:43:39.485952+00:00,70.285169,48.149131,505.753,-12.916,347.669,4376.845,170.84,0.0,-12.58,0
ASTROCAST-0401,2025-12-01T05:48:39.485952+00:00,2025-12-01T18:48:39.485952+00:00,82.44245,-26.760367,505.134,-24.696,351.07,6377.243,174.11,0.0,-15.85,0
ASTROCAST-0401,2025-12-01T05:48:39.485952+00:00,2025-12-01T18:53:39.485952+00:00,68.985534,-92.603063,501.622,-35.406,354.07,8204.393,176.3,0.0,-18.04,0
ASTROCAST-0401,2025-12-01T05:48:39.485952+00:00,2025-12-01T18:58:39.485952+00:00,50.673422,-104.687764,496.236,-45.658,357.369,9802.898,177.84,0.0,-19.58,0
ASTROCAST-0401,2025-12-01T05:48:39.485952+00:00,2025-12-01T19:03:39.485952+00:00,31.862934,-110.50731,491.139,-55.638,1.569,11126.894,178.94,0.0,-20.68,0
ASTROCAST-0401,2025-12-01T05:48:39.485952+00:00,2025-12-01T19:08:39.485952+00:00,12.88319,-114.735643,488.743,-65.37,7.84,12139.418,179.7,0.0,-21.44,0
ASTROCAST-0401,2025-12-01T05:48:39.485952+00:00,2025-12-01T19:13:39.485952+00:00,-6.147207,-118.532306,490.643,-74.665,19.879,12813.311,180.17,0.0,-21.91,0
ASTROCAST-0401,2025-12-01T05:48:39.485952+00:00,2025-12-01T19:18:39.485952+00:00,-25.131872,-122.520072,496.845,-82.187,55.713,13132.17,180.38,0.0,-22.12,0
ASTROCAST-0401,2025-12-01T05:48:39.485952+00:00,2025-12-01T19:23:39.485952+00:00,-43.969514,-127.538595,505.678,-81.003,128.936,13090.858,180.35,0.0,-22.09,0
ASTROCAST-0401,2025-12-01T05:48:39.485952+00:00,2025-12-01T19:28:39.485952+00:00,-62.471098,-136.149666,514.427,-72.897,156.877,12695.459,180.09,0.0,-21.83,0
ASTROCAST-0401,2025-12-01T05:48:39.485952+00:00,2025-12-01T19:33:39.485952+00:00,-79.287771,-167.012182,520.4,-63.648,168.122,11962.851,179.57,0.0,-21.31,0
ASTROCAST-0401,2025-12-01T05:48:39.485952+00:00,2025-12-01T19:38:39.485952+00:00,-76.504761,89.433483,521.935,-54.131,175.466,10920.337,178.78,0.0,-20.52,0
ASTROCAST-0401,2025-12-01T05:48:39.485952+00:00,2025-12-01T19:43:39.485952+00:00,-59.02476,67.497417,518.984,-44.494,181.911,9605.998,177.67,0.0,-19.41,0
ASTROCAST-0401,2025-12-01T05:48:39.485952+00:00,2025-12-01T19:48:39.485952+00:00,-40.472506,60.005826,513.06,-34.757,188.825,8070.955,176.15,0.0,-17.89,0
ASTROCAST-0401,2025-12-01T05:48:39.485952+00:00,2025-12-01T19:53:39.485952+00:00,-21.654715,55.290249,506.597,-24.889,197.609,6387.048,174.12,0.0,-15.86,0
ASTROCAST-0401,2025-12-01T05:48:39.485952+00:00,2025-12-01T19:58:39.485952+00:00,-2.719303,51.393209,501.94,-14.852,210.996,4673.794,171.41,0.0,-13.15,0
ASTROCAST-0401,2025-12-01T05:48:39.485952+00:00,2025-12-01T20:03:39.485952+00:00,16.243527,47.577924,500.377,-5.138,235.94,3205.346,168.13,0.0,-9.87,0
ASTROCAST-0401,2025-12-01T05:48:39.485952+00:00,2025-12-01T20:08:39.485952+00:00,35.144465,43.197605,501.644,-0.97,280.635,2688.866,166.61,0.0,-8.35,0
ASTROCAST-0401,2025-12-01T05:48:39.485952+00:00,2025-12-01T20:13:39.485952+00:00,53.860621,36.861468,504.143,-7.816,319.885,3592.183,169.12,0.0,-10.86,0
ASTROCAST-0401,2025-12-01T05:48:39.485952+00:00,2025-12-01T20:18:39.485952+00:00,71.948907,22.120403,505.754,-17.582,340.787,5150.933,172.25,0.0,-13.99,0
ASTROCAST-0401,2025-12-01T05:48:39.485952+00:00,2025-12-01T20:23:39.485952+00:00,82.067664,-63.751603,504.855,-27.241,353.612,6819.237,174.69,0.0,-16.43,0
ASTROCAST-0401,2025-12-01T05:48:39.485952+00:00,2025-12-01T20:28:39.485952+00:00,67.279018,-118.075377,501.098,-36.592,3.643,8399.106,176.5,0.0,-18.24,0
ASTROCAST-0401,2025-12-01T05:48:39.485952+00:00,2025-12-01T20:33:39.485952+00:00,48.881297,-129.01124,495.639,-45.626,13.186,9797.672,177.84,0.0,-19.58,0
ASTROCAST-0401,2025-12-01T05:48:39.485952+00:00,2025-12-01T20:38:39.485952+00:00,30.046933,-134.583026,490.708,-54.254,23.83,10958.108,178.81,0.0,-20.55,0
ASTROCAST-0401,2025-12-01T05:48:39.485952+00:00,2025-12-01T20:43:39.485952+00:00,11.057715,-138.736179,488.683,-62.219,37.52,11842.086,179.48,0.0,-21.22,0
ASTROCAST-0401,2025-12-01T05:48:39.485952+00:00,2025-12-01T20:48:39.485952+00:00,-7.972564,-142.525617,491.032,-68.878,57.479,12424.919,179.9,0.0,-21.64,0
ASTROCAST-0401,2025-12-01T05:48:39.485952+00:00,2025-12-01T20:53:39.485952+00:00,-26.947927,-146.566342,497.59,-72.778,87.392,12694.19,180.09,0.0,-21.83,0
ASTROCAST-0401,2025-12-01T05:48:39.485952+00:00,2025-12-01T20:58:39.485952+00:00,-45.764785,-151.763464,506.546,-72.146,122.321,12649.223,180.06,0.0,-21.8,0
ASTROCAST-0401,2025-12-01T05:48:39.485952+00:00,2025-12-01T21:03:39.485952+00:00,-64.209858,-161.08207,515.14,-67.465,149.71,12300.646,179.81,0.0,-21.55,0
ASTROCAST-0401,2025-12-01T05:48:39.485952+00:00,2025-12-01T21:08:39.485952+00:00,-80.488864,161.487394,520.737,-60.707,168.448,11670.057,179.36,0.0,-21.1,0
ASTROCAST-0401,2025-12-01T05:48:39.485952+00:00,2025-12-01T21:13:39.485952+00:00,-74.97087,61.759919,521.815,-53.092,182.598,10790.23,178.68,0.0,-20.42,0
ASTROCAST-0401,2025-12-01T05:48:39.485952+00:00,2025-12-01T21:18:39.485952+00:00,-57.264494,42.893969,518.488,-45.17,195.0,9706.676,177.76,0.0,-19.5,0
ASTROCAST-0401,2025-12-01T05:48:39.485952+00:00,2025-12-01T21:23:39.485952+00:00,-38.674267,35.855059,512.394,-37.244,207.466,8481.953,176.58,0.0,-18.33,0
ASTROCAST-0401,2025-12-01T05:48:39.485952+00:00,2025-12-01T21:28:39.485952+00:00,-19.84056,31.267398,506.007,-29.595,221.558,7205.46,175.17,0.0,-16.91,0
ASTROCAST-0401,2025-12-01T05:48:39.485952+00:00,2025-12-01T21:33:39.485952+00:00,-0.898606,27.404003,501.606,-22.678,239.065,6013.321,173.6,0.0,-15.34,0
ASTROCAST-0401,2025-12-01T05:48:39.485952+00:00,2025-12-01T21:38:39.485952+00:00,18.062485,23.566071,500.343,-17.421,261.811,5116.139,172.19,0.0,-13.93,0
ASTROCAST-0401,2025-12-01T05:48:39.485952+00:00,2025-12-01T21:43:39.485952+00:00,36.952439,19.082032,501.807,-15.367,289.443,4776.593,171.6,0.0,-13.34,0
ASTROCAST-0401,2025-12-01T05:48:39.485952+00:00,2025-12-01T21:48:39.485952+00:00,55.639578,12.394413,504.309,-17.395,317.045,5119.755,172.2,0.0,-13.94,0
ASTROCAST-0401,2025-12-01T05:48:39.485952+00:00,2025-12-01T21:53:39.485952+00:00,73.583305,-4.3545,505.731,-22.411,340.024,5981.954,173.55,0.0,-15.29,0
ASTROCAST-0401,2025-12-01T05:48:39.485952+00:00,2025-12-01T21:58:39.485952+00:00,81.320284,-99.037814,504.548,-28.836,358.368,7094.752,175.03,0.0,-16.77,0
ASTROCAST-0401,2025-12-01T05:48:39.485952+00:00,2025-12-01T22:03:39.485952+00:00,65.552932,-143.320562,500.558,-35.74,13.956,8258.621,176.35,0.0,-18.09,0
ASTROCAST-0401,2025-12-01T05:48:39.485952+00:00,2025-12-01T22:08:39.485952+00:00,47.082659,-153.295997,495.047,-42.642,28.52,9351.593,177.43,0.0,-19.17,0
ASTROCAST-0401,2025-12-01T05:48:39.485952+00:00,2025-12-01T22:13:39.485952+00:00,28.226402,-158.647588,490.305,-49.209,43.451,10299.086,178.27,0.0,-20.01,0
ASTROCAST-0401,2025-12-01T05:48:39.485952+00:00,2025-12-01T22:18:39.485952+00:00,9.22869,-162.734045,488.667,-55.093,59.993,11054.377,178.89,0.0,-20.63,0
ASTROCAST-0401,2025-12-01T05:48:39.485952+00:00,2025-12-01T22:23:39.485952+00:00,-9.800586,-166.521504,491.463,-59.83,79.27,11589.259,179.3,0.0,-21.04,0
ASTROCAST-0401,2025-12-01T05:48:39.485952+00:00,2025-12-01T22:28:39.485952+00:00,-28.765707,-170.622777,498.359,-62.822,101.78,11889.718,179.52,0.0,-21.26,0
ASTROCAST-0401,2025-12-01T05:48:39.485952+00:00,2025-12-01T22:33:39.485952+00:00,-47.560148,-176.020655,507.413,-63.529,126.363,11953.705,179.57,0.0,-21.31,0
ASTROCAST-0401,2025-12-01T05:48:39.485952+00:00,2025-12-01T22:38:39.485952+00:00,-65.940054,173.82542,515.825,-61.877,150.346,11789.72,179.45,0.0,-21.19,0
ASTROCAST-0401,2025-12-01T05:48:39.485952+00:00,2025-12-01T22:43:39.485952+00:00,-81.474615,127.986619,521.031,-58.352,171.76,11415.856,179.17,0.0,-20.91,0
ASTROCAST-0401,2025-12-01T05:48:39.485952+00:00,2025-12-01T22:48:39.485952+00:00,-73.378953,34.804051,521.652,-53.636,190.505,10859.372,178.73,0.0,-20.47,0
ASTROCAST-0401,2025-12-01T05:48:39.485952+00:00,2025-12-01T22:53:39.485952+00:00,-55.495271,18.367106,517.964,-48.302,207.49,10157.055,178.15,0.0,-19.89,0
ASTROCAST-0401,2025-12-01T05:48:39.485952+00:00,2025-12-01T22:58:39.485952+00:00,-36.870844,11.723222,511.723,-42.776,223.787,9356.588,177.44,0.0,-19.18,0
ASTROCAST-0401,2025-12-01T05:48:39.485952+00:00,2025-12-01T23:03:39.485952+00:00,-18.022275,7.250207,505.432,-37.408,240.364,8518.945,176.62,0.0,-18.36,0
ASTROCAST-0401,2025-12-01T05:48:39.485952+00:00,2025-12-01T23:08:39.485952+00:00,0.925439,3.414599,501.3,-32.553,258.053,7721.058,175.77,0.0,-17.51,0
ASTROCAST-0401,2025-12-01T05:48:39.485952+00:00,2025-12-01T23:13:39.485952+00:00,19.883978,-0.451728,500.335,-28.623,277.455,7055.68,174.99,0.0,-16.73,0
ASTROCAST-0401,2025-12-01T05:48:39.485952+00:00,2025-12-01T23:18:39.485952+00:00,38.761851,-5.051967,501.98,-26.088,298.676,6620.911,174.43,0.0,-16.17,0
ASTROCAST-0401,2025-12-01T05:48:39.485952+00:00,2025-12-01T23:23:39.485952+00:00,57.416533,-12.142153,504.463,-25.334,321.035,6491.304,174.26,0.0,-16.0,0
ASTROCAST-0401,2025-12-01T05:48:39.485952+00:00,2025-12-01T23:28:39.485952+00:00,75.177603,-31.41132,505.683,-26.433,343.255,6681.274,174.51,0.0,-16.25,0
ASTROCAST-0401,2025-12-01T05:48:39.485952+00:00,2025-12-01T23:33:39.485952+00:00,80.284032,-132.217382,504.214,-29.08,4.254,7136.286,175.08,0.0,-16.82,0
ASTROCAST-0401,2025-12-01T05:48:39.485952+00:00,2025-12-01T23:38:39.485952+00:00,63.810345,-168.381552,500.003,-32.779,23.702,7763.538,175.82,0.0,-17.56,0
ASTROCAST-0401,2025-12-01T05:48:39.485952+00:00,2025-12-01T23:43:39.485952+00:00,45.277819,-177.546727,494.463,-37.06,41.902,8469.103,176.57,0.0,-18.31,0
ASTROCAST-0401,2025-12-01T05:48:39.485952+00:00,2025-12-01T23:48:39.485952+00:00,26.401443,177.297847,489.933,-41.544,59.433,9176.27,177.27,0.0,-19.01,0
ASTROCAST-0401,2025-12-01T05:48:39.485952+00:00,2025-12-01T23:53:39.485952+00:00,7.396199,173.270222,488.695,-45.927,76.923,9828.246,177.86,0.0,-19.6,0
ASTROCAST-0401,2025-12-01T05:48:39.485952+00:00,2025-12-01T23:58:39.485952+00:00,-11.631184,169.479486,491.936,-49.937,94.944,10385.131,178.34,0.0,-20.08,0
ASTROCAST-0401,2025-12-01T05:48:39.485952+00:00,2025-12-02T00:03:39.485952+00:00,-30.585105,165.309448,499.153,-53.303,113.939,10820.293,178.7,0.0,-20.44,0
ASTROCAST-0401,2025-12-01T05:48:39.485952+00:00,2025-12-02T00:08:39.485952+00:00,-49.355303,159.685368,508.276,-55.755,134.108,11117.429,178.94,0.0,-20.68,0
ASTROCAST-0401,2025-12-01T05:48:39.485952+00:00,2025-12-02T00:13:39.485952+00:00,-67.659123,148.536447,516.482,-57.057,155.265,11268.348,179.05,0.0,-20.79,0
ASTROCAST-0401,2025-12-01T05:48:39.485952+00:00,2025-12-02T00:18:39.485952+00:00,-82.161368,92.375997,521.282,-57.078,176.807,11271.32,179.05,0.0,-20.79,0
ASTROCAST-0401,2025-12-01T05:48:39.485952+00:00,2025-12-02T00:23:39.485952+00:00,-71.743143,8.396142,521.447,-55.845,197.967,11129.979,178.94,0.0,-20.69,0
ASTROCAST-0401,2025-12-01T05:48:39.485952+00:00,2025-12-02T00:28:39.485952+00:00,-53.717812,-6.094153,517.413,-53.534,218.194,10852.813,178.73,0.0,-20.47,0
ASTROCAST-0401,2025-12-01T05:48:39.485952+00:00,2025-12-02T00:33:39.485952+00:00,-35.062369,-12.391683,511.05,-50.405,237.343,10453.3,178.4,0.0,-20.14,0
ASTROCAST-0401,2025-12-01T05:48:39.485952+00:00,2025-12-02T00:38:39.485952+00:00,-16.199932,-16.762016,504.877,-46.728,255.618,9950.667,177.97,0.0,-19.71,0
ASTROCAST-0401,2025-12-01T05:48:39.485952+00:00,2025-12-02T00:43:39.485952+00:00,2.752757,-20.575487,501.022,-42.761,273.414,9371.199,177.45,0.0,-19.19,0
ASTROCAST-0401,2025-12-01T05:48:39.485952+00:00,2025-12-02T00:48:39.485952+00:00,21.70792,-24.476232,500.35,-38.748,291.202,8749.994,176.86,0.0,-18.6,0
ASTROCAST-0401,2025-12-01T05:48:39.485952+00:00,2025-12-02T00:53:39.485952+00:00,40.572538,-29.206628,502.16,-34.943,309.458,8132.846,176.22,0.0,-17.96,0
ASTROCAST-0401,2025-12-01T05:48:39.485952+00:00,2025-12-02T00:58:39.485952+00:00,59.190672,-36.760351,504.606,-31.632,328.598,7577.251,175.61,0.0,-17.35,0
ASTROCAST-0401,2025-12-01T05:48:39.485952+00:00,2025-12-02T01:03:39.485952+00:00,76.716161,-59.236906,505.608,-29.143,348.848,7149.959,175.1,0.0,-16.84,0
ASTROCAST-0401,2025-12-01T05:48:39.485952+00:00,2025-12-02T01:08:39.485952+00:00,79.03883,-163.452557,503.853,-27.813,10.076,6916.92,174.81,0.0,-16.55,0
ASTROCAST-0401,2025-12-01T05:48:39.485952+00:00,2025-12-02T01:13:39.485952+00:00,62.053584,166.708537,499.435,-27.883,31.699,6924.108,174.82,0.0,-16.56,0
ASTROCAST-0401,2025-12-01T05:48:39.485952+00:00,2025-12-02T01:18:39.485952+00:00,43.467045,158.232563,493.888,-29.39,52.898,7178.201,175.14,0.0,-16.88,0
ASTROCAST-0401,2025-12-01T05:48:39.485952+00:00,2025-12-02T01:23:39.485952+00:00,24.572157,153.252227,489.593,-32.148,73.03,7643.03,175.68,0.0,-17.42,0
ASTROCAST-0401,2025-12-01T05:48:39.485952+00:00,2025-12-02T01:28:39.485952+00:00,5.560327,149.276104,488.767,-35.844,91.906,8254.828,176.35,0.0,-18.09,0
ASTROCAST-0401,2025-12-01T05:48:39.485952+00:00,2025-12-02T01:33:39.485952+00:00,-13.464272,145.47678,492.45,-40.143,109.757,8942.247,177.04,0.0,-18.78,0
ASTROCAST-0401,2025-12-01T05:48:39.485952+00:00,2025-12-02T01:38:39.485952+00:00,-32.406005,141.229026,499.967,-44.733,127.076,9639.198,177.7,0.0,-19.44,0
ASTROCAST-0401,2025-12-01T05:48:39.485952+00:00,2025-12-02T01:43:39.485952+00:00,-51.1499,135.34933,509.133,-49.316,144.492,10289.583,178.26,0.0,-20.0,0
ASTROCAST-0401,2025-12-01T05:48:39.485952+00:00,2025-12-02T01:48:39.485952+00:00,-69.363659,123.003424,517.107,-53.572,162.7,10847.601,178.72,0.0,-20.46,0
ASTROCAST-0401,2025-12-01T05:48:39.485952+00:00,2025-12-02T01:53:39.485952+00:00,-82.464797,55.167871,521.488,-57.123,182.344,11276.628,179.06,0.0,-20.8,0
ASTROCAST-0401,2025-12-01T05:48:39.485952+00:00,2025-12-02T01:58:39.485952+00:00,-70.073275,-17.588354,521.201,-59.521,203.731,11548.068,179.27,0.0,-21.01,0
ASTROCAST-0401,2025-12-01T05:48:39.485952+00:00,2025-12-02T02:03:39.485952+00:00,-51.93271,-30.498851,516.839,-60.336,226.39,11640.716,179.33,0.0,-21.07,0
ASTROCAST-0401,2025-12-01T05:48:39.485952+00:00,2025-12-02T02:08:39.485952+00:00,-33.248961,-36.491428,510.376,-59.337,248.983,11540.767,179.26,0.0,-21.0,0
ASTROCAST-0401,2025-12-01T05:48:39.485952+00:00,2025-12-02T02:13:39.485952+00:00,-14.373603,-40.769921,504.341,-56.623,270.093,11242.454,179.03,0.0,-20.77,0
ASTROCAST-0401,2025-12-01T05:48:39.485952+00:00,2025-12-02T02:18:39.485952+00:00,4.583276,-44.566747,500.773,-52.545,289.123,10749.216,178.64,0.0,-20.38,0
ASTROCAST-0401,2025-12-01T05:48:39.485952+00:00,2025-12-02T02:23:39.485952+00:00,23.534221,-48.50827,500.388,-47.514,306.344,10075.399,178.08,0.0,-19.82,0
ASTROCAST-0401,2025-12-01T05:48:39.485952+00:00,2025-12-02T02:28:39.485952+00:00,42.38432,-53.384518,502.346,-41.902,322.495,9248.844,177.34,0.0,-19.08,0
ASTROCAST-0401,2025-12-01T05:48:39.485952+00:00,2025-12-02T02:33:39.485952+00:00,60.960981,-61.475175,504.734,-36.041,338.512,8315.242,176.41,0.0,-18.15,0
ASTROCAST-0401,2025-12-01T05:48:39.485952+00:00,2025-12-02T02:38:39.485952+00:00,78.175833,-88.086474,505.506,-30.286,355.472,7345.901,175.34,0.0,-17.08,0
ASTROCAST-0401,2025-12-01T05:48:39.485952+00:00,2025-12-02T02:43:39.485952+00:00,77.646159,166.888524,503.466,-25.129,14.574,6450.027,174.21,0.0,-15.95,0
ASTROCAST-0401,2025-12-01T05:48:39.485952+00:00,2025-12-02T02:48:39.485952+00:00,60.284444,141.923834,498.856,-21.337,36.774,5784.742,173.26,0.0,-15.0,0
ASTROCAST-0401,2025-12-01T05:48:39.485952+00:00,2025-12-02T02:53:39.485952+00:00,41.650571,134.038429,493.325,-19.907,61.643,5529.594,172.87,0.0,-14.61,0
ASTROCAST-0401,2025-12-01T05:48:39.485952+00:00,2025-12-02T02:58:39.485952+00:00,22.738639,129.214595,489.287,-21.438,86.532,5785.91,173.26,0.0,-15.0,0
ASTROCAST-0401,2025-12-01T05:48:39.485952+00:00,2025-12-02T03:03:39.485952+00:00,3.721159,125.283092,488.884,-25.523,108.57,6489.263,174.26,0.0,-16.0,0
ASTROCAST-0401,2025-12-01T05:48:39.485952+00:00,2025-12-02T03:08:39.485952+00:00,-15.29976,121.46977,493.003,-31.238,127.024,7470.464,175.48,0.0,-17.22,0
ASTROCAST-0401,2025-12-01T05:48:39.485952+00:00,2025-12-02T03:13:39.485952+00:00,-34.228284,117.134489,500.799,-37.82,142.774,8563.11,176.67,0.0,-18.41,0
ASTROCAST-0401,2025-12-01T05:48:39.485952+00:00,2025-12-02T03:18:39.485952+00:00,-52.94352,110.964955,509.98,-44.786,157.114,9642.007,177.7,0.0,-19.44,0
ASTROCAST-0401,2025-12-01T05:48:39.485952+00:00,2025-12-02T03:23:39.485952+00:00,-71.049048,97.163178,517.699,-51.783,171.386,10618.112,178.54,0.0,-20.28,0
ASTROCAST-0401,2025-12-01T05:48:39.485952+00:00,2025-12-02T03:28:39.485952+00:00,-82.337106,17.623733,521.65,-58.449,187.132,11427.157,179.17,0.0,-20.91,0
ASTROCAST-0401,2025-12-01T05:48:39.485952+00:00,2025-12-02T03:33:39.485952+00:00,-68.376327,-43.241254,520.915,-64.231,206.366,12021.889,179.61,0.0,-21.35,0
ASTROCAST-0401,2025-12-01T05:48:39.485952+00:00,2025-12-02T03:38:39.485952+00:00,-50.140448,-54.854503,516.242,-68.178,231.134,12367.907,179.86,0.0,-21.6,0
ASTROCAST-0401,2025-12-01T05:48:39.485952+00:00,2025-12-02T03:43:39.485952+00:00,-31.43073,-60.577583,509.704,-69.041,260.378,12441.837,179.91,0.0,-21.65,0
ASTROCAST-0401,2025-12-01T05:48:39.485952+00:00,2025-12-02T03:48:39.485952+00:00,-12.543361,-64.774122,503.828,-66.359,287.755,12230.868,179.76,0.0,-21.5,0
ASTROCAST-0401,2025-12-01T05:48:39.485952+00:00,2025-12-02T03:53:39.485952+00:00,6.416918,-68.559682,500.554,-61.026,308.988,11733.031,179.4,0.0,-21.14,0
ASTROCAST-0401,2025-12-01T05:48:39.485952+00:00,2025-12-02T03:58:39.485952+00:00,25.362791,-72.548748,500.447,-54.161,325.008,10957.848,178.81,0.0,-20.55,0
ASTROCAST-0401,2025-12-01T05:48:39.485952+00:00,2025-12-02T04:03:39.485952+00:00,44.196992,-77.588598,502.535,-46.455,338.003,9927.392,177.95,0.0,-19.69,0
ASTROCAST-0401,2025-12-01T05:48:39.485952+00:00,2025-12-02T04:08:39.485952+00:00,62.726181,-86.305377,504.845,-38.276,349.764,8678.559,176.78,0.0,-18.52,0
ASTROCAST-0401,2025-12-01T05:48:39.485952+00:00,2025-12-02T04:13:39.485952+00:00,79.522026,-118.296165,505.377,-29.84,1.879,7269.136,175.24,0.0,-16.99,0
ASTROCAST-0401,2025-12-01T05:48:39.485952+00:00,2025-12-02T04:18:39.485952+00:00,76.14903,138.439673,503.054,-21.368,16.4,5795.248,173.28,0.0,-15.02,0
ASTROCAST-0401,2025-12-01T05:48:39.485952+00:00,2025-12-02T04:23:39.485952+00:00,58.504328,117.243885,498.267,-13.41,36.872,4442.323,170.97,0.0,-12.71,0
ASTROCAST-0401,2025-12-01T05:48:39.485952+00:00,2025-12-02T04:28:39.485952+00:00,39.828601,109.867891,492.777,-8.03,67.979,3597.64,169.14,0.0,-10.88,0
ASTROCAST-0401,2025-12-01T05:48:39.485952+00:00,2025-12-02T04:33:39.485952+00:00,20.900983,105.184074,489.018,-9.194,104.74,3759.573,169.52,0.0,-11.26,0
ASTROCAST-0401,2025-12-01T05:48:39.485952+00:00,2025-12-02T04:38:39.485952+00:00,1.878781,101.290685,489.048,-15.959,132.199,4834.148,171.7,0.0,-13.44,0
ASTROCAST-0401,2025-12-01T05:48:39.485952+00:00,2025-12-02T04:43:39.485952+00:00,-17.137558,97.457809,493.594,-24.555,149.556,6309.545,174.02,0.0,-15.76,0
ASTROCAST-0401,2025-12-01T05:48:39.485952+00:00,2025-12-02T04:48:39.485952+00:00,-36.051809,93.024183,501.648,-33.585,161.557,7861.263,175.92,0.0,-17.67,0
ASTROCAST-0401,2025-12-01T05:48:39.485952+00:00,2025-12-02T04:53:39.485952+00:00,-54.735665,86.524719,510.816,-42.709,171.15,9329.021,177.41,0.0,-19.15,0
ASTROCAST-0401,2025-12-01T05:48:39.485952+00:00,2025-12-02T04:58:39.485952+00:00,-72.708916,70.930664,518.256,-51.805,180.078,10620.901,178.54,0.0,-20.28,0
ASTROCAST-0401,2025-12-01T05:48:39.485952+00:00,2025-12-02T05:03:39.485952+00:00,-81.796383,-18.805373,521.767,-60.75,189.969,11675.404,179.36,0.0,-21.1,0
ASTROCAST-0401,2025-12-01T05:48:39.485952+00:00,2025-12-02T05:08:39.485952+00:00,-66.657345,-68.630943,520.589,-69.277,203.672,12448.255,179.92,0.0,-21.66,0
ASTROCAST-0401,2025-12-01T05:48:39.485952+00:00,2025-12-02T05:13:39.485952+00:00,-48.341432,-79.167403,515.626,-76.467,228.75,12907.651,180.23,0.0,-21.97,0
ASTROCAST-0401,2025-12-01T05:48:39.485952+00:00,2025-12-02T05:18:39.485952+00:00,-29.607779,-84.651557,509.036,-79.078,276.525,13032.714,180.32,0.0,-22.06,0
ASTROCAST-0401,2025-12-01T05:48:39.485952+00:00,2025-12-02T05:23:39.485952+00:00,-10.709278,-88.775202,503.337,-74.478,317.474,12813.251,180.17,0.0,-21.91,0
ASTROCAST-0401,2025-12-01T05:48:39.485952+00:00,2025-12-02T05:28:39.485952+00:00,8.253608,-92.554809,500.363,-66.511,337.014,12249.977,179.78,0.0,-21.52,0
ASTROCAST-0401,2025-12-01T05:48:39.485952+00:00,2025-12-02T05:33:39.485952+00:00,27.193533,-96.598661,500.527,-57.498,347.736,11354.664,179.12,0.0,-20.86,0
ASTROCAST-0401,2025-12-01T05:48:39.485952+00:00,2025-12-02T05:38:39.485952+00:00,46.01032,-101.82231,502.726,-48.023,355.072,10150.017,178.14,0.0,-19.88,0
ASTROCAST-0401,2025-12-01T05:48:39.485952+00:00,2025-12-02T05:43:39.485952+00:00,64.484636,-111.274681,504.939,-38.22,1.071,8669.432,176.77,0.0,-18.52,0
