Satélite,TLE Época,Timestamp,Latitud (°),Longitud (°),Altitud (km),Elevación (°),Azimut (°),Distancia (km),FSPL_UL (dB),A_lluvia (dB),SNR_UL (dB),VISIBLE (1/0),TRANSMISIÓN (1/0)
ASTROCAST-0401,2026-01-03T04:31:02.292672+00:00,2026-01-03T04:31:02.292672+00:00,0.095604,-76.290326,493.619,-66.139,311.558,12207.654,179.75,0.0,-21.49,0,0
ASTROCAST-0401,2026-01-03T04:31:02.292672+00:00,2026-01-03T04:36:02.292672+00:00,19.095773,-80.148063,492.933,-58.856,328.393,11496.851,179.23,0.0,-20.97,0,0
ASTROCAST-0401,2026-01-03T04:31:02.292672+00:00,2026-01-03T04:41:02.292672+00:00,38.015017,-84.702946,495.559,-50.606,340.573,10494.914,178.43,0.0,-20.17,0,0
ASTROCAST-0401,2026-01-03T04:31:02.292672+00:00,2026-01-03T04:46:02.292672+00:00,56.711776,-91.630824,499.63,-41.829,350.647,9231.853,177.32,0.0,-19.06,0,0
ASTROCAST-0401,2026-01-03T04:31:02.292672+00:00,2026-01-03T04:51:02.292672+00:00,74.567942,-109.858622,502.855,-32.699,0.292,7752.768,175.8,0.0,-17.54,0,0
ASTROCAST-0401,2026-01-03T04:31:02.292672+00:00,2026-01-03T04:56:02.292672+00:00,80.711094,151.31921,503.556,-23.271,11.247,6126.429,173.76,0.0,-15.5,0,0
ASTROCAST-0401,2026-01-03T04:31:02.292672+00:00,2026-01-03T05:01:02.292672+00:00,64.4825,112.283611,501.399,-13.586,26.672,4476.692,171.03,0.0,-12.77,0,0
ASTROCAST-0401,2026-01-03T04:31:02.292672+00:00,2026-01-03T05:06:02.292672+00:00,45.985806,102.82905,497.534,-4.433,54.157,3106.665,167.86,0.0,-9.6,0,0
ASTROCAST-0401,2026-01-03T04:31:02.292672+00:00,2026-01-03T05:11:02.292672+00:00,27.138356,97.604358,494.096,-1.789,99.778,2764.77,166.85,0.0,-8.59,0,0
ASTROCAST-0401,2026-01-03T04:31:02.292672+00:00,2026-01-03T05:16:02.292672+00:00,8.162301,93.558411,493.253,-9.394,136.214,3793.391,169.6,0.0,-11.34,0,0
ASTROCAST-0401,2026-01-03T04:31:02.292672+00:00,2026-01-03T05:21:02.292672+00:00,-10.838504,89.774323,496.185,-19.33,155.063,5411.775,172.68,0.0,-14.42,0,0
ASTROCAST-0401,2026-01-03T04:31:02.292672+00:00,2026-01-03T05:26:02.292672+00:00,-29.772642,85.640453,502.474,-29.247,166.115,7128.222,175.07,0.0,-16.82,0,0
ASTROCAST-0401,2026-01-03T04:31:02.292672+00:00,2026-01-03T05:31:02.292672+00:00,-48.535457,80.127864,510.203,-39.024,174.004,8756.54,176.86,0.0,-18.6,0,0
ASTROCAST-0401,2026-01-03T04:31:02.292672+00:00,2026-01-03T05:36:02.292672+00:00,-66.866388,69.467335,516.716,-48.693,180.691,10202.44,178.19,0.0,-19.93,0,0
ASTROCAST-0401,2026-01-03T04:31:02.292672+00:00,2026-01-03T05:41:02.292672+00:00,-81.889154,18.300901,519.684,-58.262,187.455,11404.129,179.16,0.0,-20.9,0,0
ASTROCAST-0401,2026-01-03T04:31:02.292672+00:00,2026-01-03T05:46:02.292672+00:00,-72.494903,-70.272302,518.022,-67.666,196.079,12316.484,179.82,0.0,-21.57,0,0
ASTROCAST-0401,2026-01-03T04:31:02.292672+00:00,2026-01-03T05:51:02.292672+00:00,-54.508098,-85.603426,512.308,-76.586,211.858,12906.276,180.23,0.0,-21.97,0,0
ASTROCAST-0401,2026-01-03T04:31:02.292672+00:00,2026-01-03T05:56:02.292672+00:00,-35.834726,-92.05372,504.566,-82.838,259.34,13150.832,180.39,0.0,-22.13,0,0
ASTROCAST-0401,2026-01-03T04:31:02.292672+00:00,2026-01-03T06:01:02.292672+00:00,-16.940165,-96.470838,497.476,-79.293,324.491,13037.993,180.32,0.0,-22.06,0,0
ASTROCAST-0401,2026-01-03T04:31:02.292672+00:00,2026-01-03T06:06:02.292672+00:00,2.051614,-100.297136,493.308,-70.695,345.821,12566.5,180.0,0.0,-21.74,0,0
ASTROCAST-0401,2026-01-03T04:31:02.292672+00:00,2026-01-03T06:11:02.292672+00:00,21.048292,-104.189104,493.015,-61.2,354.749,11746.249,179.41,0.0,-21.15,0,0
ASTROCAST-0401,2026-01-03T04:31:02.292672+00:00,2026-01-03T06:16:02.292672+00:00,39.953183,-108.877503,495.892,-51.383,0.046,10598.12,178.52,0.0,-20.26,0,0
ASTROCAST-0401,2026-01-03T04:31:02.292672+00:00,2026-01-03T06:21:02.292672+00:00,58.611539,-116.276482,499.98,-41.319,3.887,9153.283,177.25,0.0,-18.99,0,0
ASTROCAST-0401,2026-01-03T04:31:02.292672+00:00,2026-01-03T06:26:02.292672+00:00,76.236704,-137.651777,503.005,-30.93,7.115,7452.275,175.46,0.0,-17.2,0,0
ASTROCAST-0401,2026-01-03T04:31:02.292672+00:00,2026-01-03T06:31:02.292672+00:00,79.449614,118.883323,503.402,-19.917,10.33,5544.587,172.89,0.0,-14.63,0,0
ASTROCAST-0401,2026-01-03T04:31:02.292672+00:00,2026-01-03T06:36:02.292672+00:00,62.611083,87.241792,500.994,-7.194,14.676,3491.877,168.88,0.0,-10.62,0,0
ASTROCAST-0401,2026-01-03T04:31:02.292672+00:00,2026-01-03T06:41:02.292672+00:00,44.054851,78.565575,497.066,14.698,27.716,1413.889,161.02,0.02,-2.78,1,1
ASTROCAST-0401,2026-01-03T04:31:02.292672+00:00,2026-01-03T06:46:02.292672+00:00,25.187743,73.535479,493.806,20.524,166.381,1159.433,159.3,0.015,-1.06,1,1
ASTROCAST-0401,2026-01-03T04:31:02.292672+00:00,2026-01-03T06:51:02.292672+00:00,6.204581,69.547322,493.322,-5.402,183.487,3215.677,168.16,0.0,-9.9,0,0
ASTROCAST-0401,2026-01-03T04:31:02.292672+00:00,2026-01-03T06:56:02.292672+00:00,-12.793774,65.756292,496.648,-18.641,187.262,5291.782,172.49,0.0,-14.23,0,0
ASTROCAST-0401,2026-01-03T04:31:02.292672+00:00,2026-01-03T07:01:02.292672+00:00,-31.715919,61.543495,503.195,-29.877,188.993,7235.892,175.2,0.0,-16.95,0,0
ASTROCAST-0401,2026-01-03T04:31:02.292672+00:00,2026-01-03T07:06:02.292672+00:00,-50.452551,55.771764,510.925,-40.448,189.836,8981.886,177.08,0.0,-18.82,0,0
ASTROCAST-0401,2026-01-03T04:31:02.292672+00:00,2026-01-03T07:11:02.292672+00:00,-68.6953,43.930659,517.164,-50.715,189.984,10477.505,178.42,0.0,-20.16,0,0
ASTROCAST-0401,2026-01-03T04:31:02.292672+00:00,2026-01-03T07:16:02.292672+00:00,-82.398225,-19.232331,519.677,-60.814,189.247,11679.645,179.36,0.0,-21.1,0,0
ASTROCAST-0401,2026-01-03T04:31:02.292672+00:00,2026-01-03T07:21:02.292672+00:00,-70.722098,-96.59072,517.541,-70.789,186.723,12554.006,179.99,0.0,-21.73,0,0
ASTROCAST-0401,2026-01-03T04:31:02.292672+00:00,2026-01-03T07:26:02.292672+00:00,-52.599864,-110.078052,511.505,-80.549,177.542,13075.424,180.34,0.0,-22.08,0,0
ASTROCAST-0401,2026-01-03T04:31:02.292672+00:00,2026-01-03T07:31:02.292672+00:00,-33.894095,-116.184494,503.702,-86.82,87.213,13228.493,180.45,0.0,-22.19,0,0
ASTROCAST-0401,2026-01-03T04:31:02.292672+00:00,2026-01-03T07:36:02.292672+00:00,-14.984702,-120.498822,496.824,-78.561,31.415,13008.342,180.3,0.0,-22.04,0,0
ASTROCAST-0401,2026-01-03T04:31:02.292672+00:00,2026-01-03T07:41:02.292672+00:00,4.01204,-124.305169,493.04,-68.732,23.966,12421.359,179.9,0.0,-21.64,0,0
ASTROCAST-0401,2026-01-03T04:31:02.292672+00:00,2026-01-03T07:46:02.292672+00:00,23.004218,-128.238535,493.133,-58.746,20.674,11485.633,179.22,0.0,-20.96,0,0
ASTROCAST-0401,2026-01-03T04:31:02.292672+00:00,2026-01-03T07:51:02.292672+00:00,41.893294,-133.077779,496.239,-48.661,18.152,10231.021,178.21,0.0,-19.95,0,0
ASTROCAST-0401,2026-01-03T04:31:02.292672+00:00,2026-01-03T07:56:02.292672+00:00,60.5079,-141.0271,500.319,-38.444,15.398,8699.257,176.8,0.0,-18.55,0,0
ASTROCAST-0401,2026-01-03T04:31:02.292672+00:00,2026-01-03T08:01:02.292672+00:00,77.825162,-166.51673,503.126,-27.986,11.571,6945.621,174.85,0.0,-16.59,0,0
ASTROCAST-0401,2026-01-03T04:31:02.292672+00:00,2026-01-03T08:06:02.292672+00:00,77.999421,88.385286,503.217,-17.014,5.045,5048.077,172.08,0.0,-13.82,0,0
ASTROCAST-0401,2026-01-03T04:31:02.292672+00:00,2026-01-03T08:11:02.292672+00:00,60.724371,62.351111,500.572,-4.783,350.532,3157.061,168.0,0.0,-9.74,0,0
ASTROCAST-0401,2026-01-03T04:31:02.292672+00:00,2026-01-03T08:16:02.292672+00:00,42.116692,54.333446,496.605,7.678,306.149,1849.45,163.36,0.04,-5.14,0,0
ASTROCAST-0401,2026-01-03T04:31:02.292672+00:00,2026-01-03T08:21:02.292672+00:00,23.231601,49.475947,493.546,-0.009,246.06,2556.275,166.17,0.0,-7.91,0,0
ASTROCAST-0401,2026-01-03T04:31:02.292672+00:00,2026-01-03T08:26:02.292672+00:00,4.242351,45.537598,493.434,-12.928,224.445,4345.455,170.78,0.0,-12.52,0,0
ASTROCAST-0401,2026-01-03T04:31:02.292672+00:00,2026-01-03T08:31:02.292672+00:00,-14.752588,41.73351,497.149,-24.119,215.014,6242.796,173.92,0.0,-15.66,0,0
ASTROCAST-0401,2026-01-03T04:31:02.292672+00:00,2026-01-03T08:36:02.292672+00:00,-33.661633,37.430956,503.931,-34.532,208.799,8026.52,176.11,0.0,-17.85,0,0
ASTROCAST-0401,2026-01-03T04:31:02.292672+00:00,2026-01-03T08:41:02.292672+00:00,-52.369558,31.363161,511.631,-44.523,203.209,9605.63,177.67,0.0,-19.41,0,0
ASTROCAST-0401,2026-01-03T04:31:02.292672+00:00,2026-01-03T08:46:02.292672+00:00,-70.505406,18.072797,517.572,-54.168,196.776,10922.016,178.78,0.0,-20.52,0,0
ASTROCAST-0401,2026-01-03T04:31:02.292672+00:00,2026-01-03T08:51:02.292672+00:00,-82.428346,-57.795676,519.619,-63.358,187.611,11933.652,179.55,0.0,-21.29,0,0
ASTROCAST-0401,2026-01-03T04:31:02.292672+00:00,2026-01-03T08:56:02.292672+00:00,-68.914689,-122.493051,517.016,-71.606,171.503,12610.631,180.03,0.0,-21.77,0,0
ASTROCAST-0401,2026-01-03T04:31:02.292672+00:00,2026-01-03T09:01:02.292672+00:00,-50.682406,-134.49368,510.68,-77.143,138.83,12934.205,180.25,0.0,-21.99,0,0
ASTROCAST-0401,2026-01-03T04:31:02.292672+00:00,2026-01-03T09:06:02.292672+00:00,-31.94709,-140.299205,502.847,-76.287,93.504,12896.906,180.22,0.0,-21.97,0,0
ASTROCAST-0401,2026-01-03T04:31:02.292672+00:00,2026-01-03T09:11:02.292672+00:00,-13.023962,-144.522428,496.205,-69.882,65.364,12503.161,179.96,0.0,-21.7,0,0
ASTROCAST-0401,2026-01-03T04:31:02.292672+00:00,2026-01-03T09:16:02.292672+00:00,5.976786,-148.315038,492.813,-61.475,50.65,11770.164,179.43,0.0,-21.17,0,0
ASTROCAST-0401,2026-01-03T04:31:02.292672+00:00,2026-01-03T09:21:02.292672+00:00,24.963433,-152.297445,493.284,-52.416,40.948,10728.958,178.63,0.0,-20.37,0,0
ASTROCAST-0401,2026-01-03T04:31:02.292672+00:00,2026-01-03T09:26:02.292672+00:00,43.835103,-157.307279,496.598,-43.117,32.716,9426.356,177.5,0.0,-19.24,0,0
ASTROCAST-0401,2026-01-03T04:31:02.292672+00:00,2026-01-03T09:31:02.292672+00:00,62.399382,-165.90432,500.645,-33.76,24.004,7929.928,176.0,0.0,-17.74,0,0
ASTROCAST-0401,2026-01-03T04:31:02.292672+00:00,2026-01-03T09:36:02.292672+00:00,79.295314,163.162016,503.218,-24.517,12.828,6342.794,174.06,0.0,-15.8,0,0
ASTROCAST-0401,2026-01-03T04:31:02.292672+00:00,2026-01-03T09:41:02.292672+00:00,76.418849,59.366344,503.001,-15.828,355.921,4848.286,171.73,0.0,-13.47,0,0
ASTROCAST-0401,2026-01-03T04:31:02.292672+00:00,2026-01-03T09:46:02.292672+00:00,58.824186,37.585047,500.134,-9.422,328.393,3819.397,169.65,0.0,-11.4,0,0
ASTROCAST-0401,2026-01-03T04:31:02.292672+00:00,2026-01-03T09:51:02.292672+00:00,40.17158,30.128907,496.154,-9.311,292.799,3796.925,169.6,0.0,-11.34,0,0
ASTROCAST-0401,2026-01-03T04:31:02.292672+00:00,2026-01-03T09:56:02.292672+00:00,21.270037,25.424676,493.319,-15.537,264.62,4784.212,171.61,0.0,-13.35,0,0
ASTROCAST-0401,2026-01-03T04:31:02.292672+00:00,2026-01-03T10:01:02.292672+00:00,2.275706,21.528629,493.588,-24.023,246.765,6234.947,173.91,0.0,-15.65,0,0
ASTROCAST-0401,2026-01-03T04:31:02.292672+00:00,2026-01-03T10:06:02.292672+00:00,-16.714842,17.705199,497.684,-32.957,234.289,7769.364,175.82,0.0,-17.56,0,0
ASTROCAST-0401,2026-01-03T04:31:02.292672+00:00,2026-01-03T10:11:02.292672+00:00,-35.609629,13.300882,504.679,-41.838,223.776,9204.109,177.29,0.0,-19.04,0,0
ASTROCAST-0401,2026-01-03T04:31:02.292672+00:00,2026-01-03T10:16:02.292672+00:00,-54.285905,6.893376,512.32,-50.413,213.081,10440.169,178.39,0.0,-20.13,0,0
ASTROCAST-0401,2026-01-03T04:31:02.292672+00:00,2026-01-03T10:21:02.292672+00:00,-72.28974,-8.200191,517.938,-58.363,200.2,11416.32,179.17,0.0,-20.91,0,0
ASTROCAST-0401,2026-01-03T04:31:02.292672+00:00,2026-01-03T10:26:02.292672+00:00,-81.970983,-95.590934,519.509,-65.073,182.487,12093.059,179.67,0.0,-21.41,0,0
ASTROCAST-0401,2026-01-03T04:31:02.292672+00:00,2026-01-03T10:31:02.292672+00:00,-67.079576,-148.07189,516.449,-69.317,157.202,12446.747,179.92,0.0,-21.66,0,0
ASTROCAST-0401,2026-01-03T04:31:02.292672+00:00,2026-01-03T10:36:02.292672+00:00,-48.756249,-158.858448,509.836,-69.543,126.853,12467.514,179.93,0.0,-21.67,0,0
ASTROCAST-0401,2026-01-03T04:31:02.292672+00:00,2026-01-03T10:41:02.292672+00:00,-29.993841,-164.399626,502.003,-65.691,100.643,12158.901,179.71,0.0,-21.45,0,0
ASTROCAST-0401,2026-01-03T04:31:02.292672+00:00,2026-01-03T10:46:02.292672+00:00,-11.058041,-168.542377,495.621,-59.323,81.789,11538.544,179.26,0.0,-21.0,0,0
ASTROCAST-0401,2026-01-03T04:31:02.292672+00:00,2026-01-03T10:51:02.292672+00:00,7.945752,-172.327375,492.629,-51.765,67.662,10639.791,178.55,0.0,-20.29,0,0
ASTROCAST-0401,2026-01-03T04:31:02.292672+00:00,2026-01-03T10:56:02.292672+00:00,26.925815,-176.36704,493.467,-43.731,55.495,9514.849,177.58,0.0,-19.32,0,0
ASTROCAST-0401,2026-01-03T04:31:02.292672+00:00,2026-01-03T11:01:02.292672+00:00,45.778325,178.429887,496.966,-35.65,43.226,8241.474,176.34,0.0,-18.08,0,0
ASTROCAST-0401,2026-01-03T04:31:02.292672+00:00,2026-01-03T11:06:02.292672+00:00,64.284076,169.064083,500.955,-27.95,28.925,6937.893,174.84,0.0,-16.58,0,0
ASTROCAST-0401,2026-01-03T04:31:02.292672+00:00,2026-01-03T11:11:02.292672+00:00,80.589008,130.905678,503.279,-21.35,10.409,5792.086,173.27,0.0,-15.01,0,0
ASTROCAST-0401,2026-01-03T04:31:02.292672+00:00,2026-01-03T11:16:02.292672+00:00,74.746572,31.444921,502.755,-17.246,346.179,5086.816,172.14,0.0,-13.88,0,0
ASTROCAST-0401,2026-01-03T04:31:02.292672+00:00,2026-01-03T11:21:02.292672+00:00,56.911939,12.922762,499.683,-17.312,318.865,5095.521,172.16,0.0,-13.9,0,0
ASTROCAST-0401,2026-01-03T04:31:02.292672+00:00,2026-01-03T11:26:02.292672+00:00,38.219734,5.948723,495.714,-21.47,294.671,5805.43,173.29,0.0,-15.03,0,0
ASTROCAST-0401,2026-01-03T04:31:02.292672+00:00,2026-01-03T11:31:02.292672+00:00,19.303156,1.380667,493.125,-27.976,275.953,6931.144,174.83,0.0,-16.57,0,0
ASTROCAST-0401,2026-01-03T04:31:02.292672+00:00,2026-01-03T11:36:02.292672+00:00,0.304744,-2.480192,493.786,-35.44,261.094,8192.714,176.28,0.0,-18.02,0,0
ASTROCAST-0401,2026-01-03T04:31:02.292672+00:00,2026-01-03T11:41:02.292672+00:00,-18.680429,-6.329478,498.254,-43.128,247.901,9408.32,177.49,0.0,-19.23,0,0
ASTROCAST-0401,2026-01-03T04:31:02.292672+00:00,2026-01-03T11:46:02.292672+00:00,-37.559739,-10.848957,505.436,-50.57,234.476,10466.336,178.41,0.0,-20.15,0,0
ASTROCAST-0401,2026-01-03T04:31:02.292672+00:00,2026-01-03T11:51:02.292672+00:00,-56.200891,-17.648203,512.989,-57.274,218.972,11296.03,179.07,0.0,-20.81,0,0
ASTROCAST-0401,2026-01-03T04:31:02.292672+00:00,2026-01-03T11:56:02.292672+00:00,-74.038302,-35.018784,518.26,-62.515,199.505,11852.483,179.49,0.0,-21.23,0,0
ASTROCAST-0401,2026-01-03T04:31:02.292672+00:00,2026-01-03T12:01:02.292672+00:00,-81.098092,-131.294334,519.348,-65.257,175.368,12109.634,179.68,0.0,-21.42,0,0
ASTROCAST-0401,2026-01-03T04:31:02.292672+00:00,2026-01-03T12:06:02.292672+00:00,-65.221705,-173.395447,515.84,-64.657,149.54,12057.181,179.64,0.0,-21.38,0,0
ASTROCAST-0401,2026-01-03T04:31:02.292672+00:00,2026-01-03T12:11:02.292672+00:00,-46.821825,176.820871,508.977,-60.949,126.858,11699.594,179.38,0.0,-21.12,0,0
ASTROCAST-0401,2026-01-03T04:31:02.292672+00:00,2026-01-03T12:16:02.292672+00:00,-28.034469,171.512664,501.173,-55.177,108.78,11056.636,178.89,0.0,-20.63,0,0
ASTROCAST-0401,2026-01-03T04:31:02.292672+00:00,2026-01-03T12:21:02.292672+00:00,-9.08703,167.440638,495.073,-48.298,93.892,10165.415,178.16,0.0,-19.9,0,0
ASTROCAST-0401,2026-01-03T04:31:02.292672+00:00,2026-01-03T12:26:02.292672+00:00,9.918838,163.65716,492.487,-40.959,80.283,9084.777,177.18,0.0,-18.92,0,0
ASTROCAST-0401,2026-01-03T04:31:02.292672+00:00,2026-01-03T12:31:02.292672+00:00,28.891234,159.551337,493.68,-33.652,66.167,7904.131,175.97,0.0,-17.71,0,0
ASTROCAST-0401,2026-01-03T04:31:02.292672+00:00,2026-01-03T12:36:02.292672+00:00,47.722628,154.128864,497.34,-26.944,49.729,6760.2,174.61,0.0,-16.35,0,0
ASTROCAST-0401,2026-01-03T04:31:02.292672+00:00,2026-01-03T12:41:02.292672+00:00,66.159464,143.841959,501.247,-21.745,29.275,5858.993,173.37,0.0,-15.11,0,0
ASTROCAST-0401,2026-01-03T04:31:02.292672+00:00,2026-01-03T12:46:02.292672+00:00,81.621188,96.263345,503.308,-19.419,4.751,5458.309,172.76,0.0,-14.5,0,0
ASTROCAST-0401,2026-01-03T04:31:02.292672+00:00,2026-01-03T12:51:02.292672+00:00,73.008002,4.336403,502.48,-20.914,339.681,5715.941,173.16,0.0,-14.9,0,0
ASTROCAST-0401,2026-01-03T04:31:02.292672+00:00,2026-01-03T12:56:02.292672+00:00,54.988745,-11.652313,499.221,-25.595,318.211,6527.716,174.31,0.0,-16.05,0,0
ASTROCAST-0401,2026-01-03T04:31:02.292672+00:00,2026-01-03T13:01:02.292672+00:00,36.26135,-18.209907,495.288,-32.072,301.023,7640.028,175.68,0.0,-17.42,0,0
ASTROCAST-0401,2026-01-03T04:31:02.292672+00:00,2026-01-03T13:06:02.292672+00:00,17.331062,-22.657,492.968,-39.323,286.597,8830.117,176.93,0.0,-18.67,0,0
ASTROCAST-0401,2026-01-03T04:31:02.292672+00:00,2026-01-03T13:11:02.292672+00:00,-1.670434,-26.489472,494.027,-46.732,273.1,9947.024,177.97,0.0,-19.71,0,0
ASTROCAST-0401,2026-01-03T04:31:02.292672+00:00,2026-01-03T13:16:02.292672+00:00,-20.649241,-30.371428,498.855,-53.813,258.75,10892.022,178.76,0.0,-20.5,0,0
ASTROCAST-0401,2026-01-03T04:31:02.292672+00:00,2026-01-03T13:21:02.292672+00:00,-39.511776,-35.021125,506.199,-59.976,241.624,11599.85,179.3,0.0,-21.04,0,0
ASTROCAST-0401,2026-01-03T04:31:02.292672+00:00,2026-01-03T13:26:02.292672+00:00,-58.113641,-42.274685,513.633,-64.328,219.966,12028.438,179.62,0.0,-21.36,0,0
ASTROCAST-0401,2026-01-03T04:31:02.292672+00:00,2026-01-03T13:31:02.292672+00:00,-75.73639,-62.566381,518.536,-65.75,194.278,12153.786,179.71,0.0,-21.45,0,0
ASTROCAST-0401,2026-01-03T04:31:02.292672+00:00,2026-01-03T13:36:02.292672+00:00,-79.914412,-164.57459,519.135,-63.713,169.108,11967.473,179.58,0.0,-21.32,0,0
ASTROCAST-0401,2026-01-03T04:31:02.292672+00:00,2026-01-03T13:41:02.292672+00:00,-63.344698,161.485281,515.193,-58.889,148.477,11475.748,179.21,0.0,-20.95,0,0
ASTROCAST-0401,2026-01-03T04:31:02.292672+00:00,2026-01-03T13:46:02.292672+00:00,-44.879497,152.538592,508.105,-52.37,132.306,10700.062,178.6,0.0,-20.34,0,0
ASTROCAST-0401,2026-01-03T04:31:02.292672+00:00,2026-01-03T13:51:02.292672+00:00,-26.069086,147.436246,500.361,-44.962,118.736,9679.448,177.73,0.0,-19.47,0,0
ASTROCAST-0401,2026-01-03T04:31:02.292672+00:00,2026-01-03T13:56:02.292672+00:00,-7.111023,143.425952,494.564,-37.189,105.865,8476.192,176.58,0.0,-18.32,0,0
ASTROCAST-0401,2026-01-03T04:31:02.292672+00:00,2026-01-03T14:01:02.292672+00:00,11.895942,139.637877,492.388,-29.488,91.812,7188.463,175.15,0.0,-16.89,0,0
ASTROCAST-0401,2026-01-03T04:31:02.292672+00:00,2026-01-03T14:06:02.292672+00:00,30.859552,135.456178,493.921,-22.477,74.375,5977.01,173.54,0.0,-15.29,0,0
ASTROCAST-0401,2026-01-03T04:31:02.292672+00:00,2026-01-03T14:11:02.292672+00:00,49.667621,129.783874,497.717,-17.376,51.377,5103.812,172.17,0.0,-13.91,0,0
ASTROCAST-0401,2026-01-03T04:31:02.292672+00:00,2026-01-03T14:16:02.292672+00:00,68.022171,118.381532,501.52,-16.103,23.764,4892.646,171.81,0.0,-13.55,0,0
ASTROCAST-0401,2026-01-03T04:31:02.292672+00:00,2026-01-03T14:21:02.292672+00:00,82.282955,59.180572,503.305,-19.401,357.854,5455.149,172.75,0.0,-14.49,0,0
ASTROCAST-0401,2026-01-03T04:31:02.292672+00:00,2026-01-03T14:26:02.292672+00:00,71.220029,-22.16402,502.178,-25.711,337.93,6550.059,174.34,0.0,-16.08,0,0
ASTROCAST-0401,2026-01-03T04:31:02.292672+00:00,2026-01-03T14:31:02.292672+00:00,53.055489,-36.153508,498.75,-33.381,322.988,7864.839,175.93,0.0,-17.67,0,0
ASTROCAST-0401,2026-01-03T04:31:02.292672+00:00,2026-01-03T14:36:02.292672+00:00,34.296602,-42.34943,494.881,-41.553,310.7,9185.008,177.28,0.0,-19.02,0,0
ASTROCAST-0401,2026-01-03T04:31:02.292672+00:00,2026-01-03T14:41:02.292672+00:00,15.353857,-46.689182,492.848,-49.781,299.046,10378.225,178.34,0.0,-20.08,0,0
ASTROCAST-0401,2026-01-03T04:31:02.292672+00:00,2026-01-03T14:46:02.292672+00:00,-3.649729,-50.499827,494.311,-57.679,286.042,11358.876,179.12,0.0,-20.86,0,0
ASTROCAST-0401,2026-01-03T04:31:02.292672+00:00,2026-01-03T14:51:02.292672+00:00,-22.621165,-54.421644,499.486,-64.663,269.039,12069.376,179.65,0.0,-21.39,0,0
ASTROCAST-0401,2026-01-03T04:31:02.292672+00:00,2026-01-03T14:56:02.292672+00:00,-41.465529,-59.218585,506.965,-69.574,244.679,12471.957,179.93,0.0,-21.67,0,0
ASTROCAST-0401,2026-01-03T04:31:02.292672+00:00,2026-01-03T15:01:02.292672+00:00,-60.023062,-67.002441,514.25,-70.638,213.598,12544.98,179.98,0.0,-21.72,0,0
ASTROCAST-0401,2026-01-03T04:31:02.292672+00:00,2026-01-03T15:06:02.292672+00:00,-77.361864,-91.10157,518.764,-67.244,185.564,12281.064,179.8,0.0,-21.54,0,0
ASTROCAST-0401,2026-01-03T04:31:02.292672+00:00,2026-01-03T15:11:02.292672+00:00,-78.513303,164.266583,518.87,-60.878,166.003,11686.143,179.37,0.0,-21.11,0,0
ASTROCAST-0401,2026-01-03T04:31:02.292672+00:00,2026-01-03T15:16:02.292672+00:00,-61.45125,136.531591,514.509,-53.023,152.428,10779.396,178.67,0.0,-20.41,0,0
ASTROCAST-0401,2026-01-03T04:31:02.292672+00:00,2026-01-03T15:21:02.292672+00:00,-42.929573,128.28991,507.225,-44.432,141.773,9594.515,177.66,0.0,-19.4,0,0
ASTROCAST-0401,2026-01-03T04:31:02.292672+00:00,2026-01-03T15:26:02.292672+00:00,-24.097801,123.369843,499.568,-35.456,131.887,8183.721,176.27,0.0,-18.01,0,0
ASTROCAST-0401,2026-01-03T04:31:02.292672+00:00,2026-01-03T15:31:02.292672+00:00,-5.130117,119.412919,494.094,-26.309,120.78,6628.955,174.44,0.0,-16.18,0,0
ASTROCAST-0401,2026-01-03T04:31:02.292672+00:00,2026-01-03T15:36:02.292672+00:00,13.876956,115.614042,492.33,-17.295,105.475,5075.498,172.12,0.0,-13.86,0,0
ASTROCAST-0401,2026-01-03T04:31:02.292672+00:00,2026-01-03T15:41:02.292672+00:00,32.830623,111.345786,494.189,-9.57,80.644,3831.615,169.68,0.0,-11.42,0,0
ASTROCAST-0401,2026-01-03T04:31:02.292672+00:00,2026-01-03T15:46:02.292672+00:00,51.612838,105.387983,498.096,-7.165,44.098,3483.378,168.86,0.0,-10.6,0,0
ASTROCAST-0401,2026-01-03T04:31:02.292672+00:00,2026-01-03T15:51:02.292672+00:00,69.867582,92.618627,501.77,-12.532,11.916,4305.906,170.7,0.0,-12.44,0,0
ASTROCAST-0401,2026-01-03T04:31:02.292672+00:00,2026-01-03T15:56:02.292672+00:00,82.47259,20.533942,503.269,-21.208,352.528,5767.281,173.23,0.0,-14.97,0,0
ASTROCAST-0401,2026-01-03T04:31:02.292672+00:00,2026-01-03T16:01:02.292672+00:00,69.394111,-48.202892,501.848,-30.592,340.585,7393.456,175.39,0.0,-17.13,0,0
ASTROCAST-0401,2026-01-03T04:31:02.292672+00:00,2026-01-03T16:06:02.292672+00:00,51.112888,-60.591655,498.274,-40.099,331.929,8961.241,177.06,0.0,-18.8,0,0
ASTROCAST-0401,2026-01-03T04:31:02.292672+00:00,2026-01-03T16:11:02.292672+00:00,32.325649,-66.471991,494.493,-49.572,324.328,10354.197,178.32,0.0,-20.06,0,0
ASTROCAST-0401,2026-01-03T04:31:02.292672+00:00,2026-01-03T16:16:02.292672+00:00,13.371642,-70.716682,492.768,-58.886,316.026,11498.657,179.23,0.0,-20.97,0,0
ASTROCAST-0401,2026-01-03T04:31:02.292672+00:00,2026-01-03T16:21:02.292672+00:00,-5.633039,-74.511883,494.638,-67.784,304.308,12343.548,179.84,0.0,-21.58,0,0
ASTROCAST-0401,2026-01-03T04:31:02.292672+00:00,2026-01-03T16:26:02.292672+00:00,-24.596086,-78.481218,500.145,-75.424,282.289,12853.985,180.2,0.0,-21.94,0,0
ASTROCAST-0401,2026-01-03T04:31:02.292672+00:00,2026-01-03T16:31:02.292672+00:00,-43.420761,-83.444786,507.73,-78.771,237.915,13009.034,180.3,0.0,-22.04,0,0
ASTROCAST-0401,2026-01-03T04:31:02.292672+00:00,2026-01-03T16:36:02.292672+00:00,-61.927753,-91.852168,514.838,-74.638,196.249,12800.626,180.16,0.0,-21.9,0,0
ASTROCAST-0401,2026-01-03T04:31:02.292672+00:00,2026-01-03T16:41:02.292672+00:00,-78.88077,-120.982549,518.943,-66.669,176.674,12232.688,179.77,0.0,-21.51,0,0
ASTROCAST-0401,2026-01-03T04:31:02.292672+00:00,2026-01-03T16:46:02.292672+00:00,-76.962585,134.758461,518.555,-57.522,166.71,11320.392,179.09,0.0,-20.83,0,0
ASTROCAST-0401,2026-01-03T04:31:02.292672+00:00,2026-01-03T16:51:02.292672+00:00,-59.543407,111.713684,513.791,-47.881,160.349,10089.72,178.09,0.0,-19.83,0,0
ASTROCAST-0401,2026-01-03T04:31:02.292672+00:00,2026-01-03T16:56:02.292672+00:00,-40.972314,104.070729,506.338,-37.902,155.317,8577.682,176.68,0.0,-18.42,0,0
ASTROCAST-0401,2026-01-03T04:31:02.292672+00:00,2026-01-03T17:01:02.292672+00:00,-22.12072,99.312291,498.799,-27.538,150.27,6834.107,174.71,0.0,-16.45,0,0
ASTROCAST-0401,2026-01-03T04:31:02.292672+00:00,2026-01-03T17:06:02.292672+00:00,-3.144407,95.400904,493.665,-16.491,143.448,4929.377,171.87,0.0,-13.61,0,0
ASTROCAST-0401,2026-01-03T04:31:02.292672+00:00,2026-01-03T17:11:02.292672+00:00,15.861775,91.584872,492.313,-3.724,129.592,2997.064,167.55,0.0,-9.29,0,0
ASTROCAST-0401,2026-01-03T04:31:02.292672+00:00,2026-01-03T17:16:02.292672+00:00,34.804285,87.218234,494.48,11.179,82.351,1605.08,162.13,0.027,-3.89,1,1
ASTROCAST-0401,2026-01-03T04:31:02.292672+00:00,2026-01-03T17:21:02.292672+00:00,53.557717,80.932802,498.473,1.32,16.626,2423.797,165.7,0.0,-7.45,0,0
ASTROCAST-0401,2026-01-03T04:31:02.292672+00:00,2026-01-03T17:26:02.292672+00:00,71.68925,66.465577,501.996,-12.54,357.571,4307.195,170.7,0.0,-12.44,0,0
ASTROCAST-0401,2026-01-03T04:31:02.292672+00:00,2026-01-03T17:31:02.292672+00:00,82.152514,-17.894038,503.2,-24.05,350.514,6261.152,173.95,0.0,-15.69,0,0
ASTROCAST-0401,2026-01-03T04:31:02.292672+00:00,2026-01-03T17:36:02.292672+00:00,67.538198,-73.885845,501.494,-34.736,346.885,8093.384,176.18,0.0,-17.92,0,0
ASTROCAST-0401,2026-01-03T04:31:02.292672+00:00,2026-01-03T17:41:02.292672+00:00,49.161528,-84.975647,497.795,-45.077,344.616,9719.993,177.77,0.0,-19.51,0,0
ASTROCAST-0401,2026-01-03T04:31:02.292672+00:00,2026-01-03T17:46:02.292672+00:00,30.348636,-90.579486,494.127,-55.244,342.901,11083.038,178.91,0.0,-20.65,0,0
ASTROCAST-0401,2026-01-03T04:31:02.292672+00:00,2026-01-03T17:51:02.292672+00:00,11.384519,-94.740258,492.729,-65.311,341.142,12138.114,179.7,0.0,-21.44,0,0
ASTROCAST-0401,2026-01-03T04:31:02.292672+00:00,2026-01-03T17:56:02.292672+00:00,-7.620262,-98.526287,495.007,-75.299,338.084,12852.272,180.19,0.0,-21.93,0,0
ASTROCAST-0401,2026-01-03T04:31:02.292672+00:00,2026-01-03T18:01:02.292672+00:00,-26.573882,-102.551354,500.829,-85.069,323.682,13204.002,180.43,0.0,-22.17,0,0
ASTROCAST-0401,2026-01-03T04:31:02.292672+00:00,2026-01-03T18:06:02.292672+00:00,-45.377195,-107.703771,508.492,-84.298,184.13,13183.381,180.42,0.0,-22.16,0,0
ASTROCAST-0401,2026-01-03T04:31:02.292672+00:00,2026-01-03T18:11:02.292672+00:00,-63.825905,-116.850365,515.392,-74.491,172.847,12791.85,180.15,0.0,-21.89,0,0
ASTROCAST-0401,2026-01-03T04:31:02.292672+00:00,2026-01-03T18:16:02.292672+00:00,-80.240815,-152.673261,519.072,-64.509,170.98,12041.603,179.63,0.0,-21.37,0,0
ASTROCAST-0401,2026-01-03T04:31:02.292672+00:00,2026-01-03T18:21:02.292672+00:00,-75.307656,106.47989,518.189,-54.443,170.844,10954.834,178.81,0.0,-20.55,0,0
ASTROCAST-0401,2026-01-03T04:31:02.292672+00:00,2026-01-03T18:26:02.292672+00:00,-57.622742,87.008302,513.04,-44.253,171.532,9563.106,177.63,0.0,-19.37,0,0
ASTROCAST-0401,2026-01-03T04:31:02.292672+00:00,2026-01-03T18:31:02.292672+00:00,-39.007949,79.877535,505.448,-33.84,172.917,7907.048,175.98,0.0,-17.72,0,0
ASTROCAST-0401,2026-01-03T04:31:02.292672+00:00,2026-01-03T18:36:02.292672+00:00,-20.137944,75.262531,498.055,-22.967,175.256,6036.839,173.63,0.0,-15.37,0,0
ASTROCAST-0401,2026-01-03T04:31:02.292672+00:00,2026-01-03T18:41:02.292672+00:00,-1.153991,71.389281,493.278,-10.896,179.636,4016.304,170.09,0.0,-11.83,0,0
ASTROCAST-0401,2026-01-03T04:31:02.292672+00:00,2026-01-03T18:46:02.292672+00:00,17.850288,67.549527,492.336,6.098,192.272,1960.242,163.86,0.052,-5.65,0,0
ASTROCAST-0401,2026-01-03T04:31:02.292672+00:00,2026-01-03T18:51:02.292672+00:00,36.780366,63.071322,494.792,27.306,294.452,961.06,157.67,0.012,0.58,1,1
ASTROCAST-0401,2026-01-03T04:31:02.292672+00:00,2026-01-03T18:56:02.292672+00:00,55.501573,56.408079,498.845,-1.723,338.903,2766.299,166.85,0.0,-8.59,0,0
ASTROCAST-0401,2026-01-03T04:31:02.292672+00:00,2026-01-03T19:01:02.292672+00:00,73.477949,39.800656,502.196,-15.659,347.278,4818.746,171.67,0.0,-13.41,0,0
ASTROCAST-0401,2026-01-03T04:31:02.292672+00:00,2026-01-03T19:06:02.292672+00:00,81.376291,-54.462538,503.098,-26.977,351.987,6770.374,174.63,0.0,-16.37,0,0
ASTROCAST-0401,2026-01-03T04:31:02.292672+00:00,2026-01-03T19:11:02.292672+00:00,65.657933,-99.290024,501.117,-37.46,356.019,8540.907,176.65,0.0,-18.39,0,0
ASTROCAST-0401,2026-01-03T04:31:02.292672+00:00,2026-01-03T19:16:02.292672+00:00,47.20189,-109.31285,497.314,-47.542,0.339,10075.249,178.08,0.0,-19.82,0,0
ASTROCAST-0401,2026-01-03T04:31:02.292672+00:00,2026-01-03T19:21:02.292672+00:00,28.365699,-114.673598,493.787,-57.343,5.794,11329.272,179.1,0.0,-20.84,0,0
ASTROCAST-0401,2026-01-03T04:31:02.292672+00:00,2026-01-03T19:26:02.292672+00:00,9.39259,-118.76063,492.732,-66.822,14.027,12268.434,179.79,0.0,-21.53,0,0
ASTROCAST-0401,2026-01-03T04:31:02.292672+00:00,2026-01-03T19:31:02.292672+00:00,-9.611294,-122.54371,495.418,-75.609,30.183,12868.317,180.21,0.0,-21.95,0,0
ASTROCAST-0401,2026-01-03T04:31:02.292672+00:00,2026-01-03T19:36:02.292672+00:00,-28.554426,-126.633399,501.536,-81.554,73.802,13115.326,180.37,0.0,-22.11,0,0
ASTROCAST-0401,2026-01-03T04:31:02.292672+00:00,2026-01-03T19:41:02.292672+00:00,-47.334513,-132.00031,509.247,-78.749,133.511,13007.024,180.3,0.0,-22.04,0,0
ASTROCAST-0401,2026-01-03T04:31:02.292672+00:00,2026-01-03T19:46:02.292672+00:00,-65.71514,-142.03145,515.912,-70.754,157.893,12552.012,179.99,0.0,-21.73,0,0
ASTROCAST-0401,2026-01-03T04:31:02.292672+00:00,2026-01-03T19:51:02.292672+00:00,-81.363828,173.334784,519.148,-61.695,169.515,11769.581,179.43,0.0,-21.17,0,0
ASTROCAST-0401,2026-01-03T04:31:02.292672+00:00,2026-01-03T19:56:02.292672+00:00,-73.578258,79.109271,517.774,-52.341,177.633,10689.619,178.59,0.0,-20.33,0,0
ASTROCAST-0401,2026-01-03T04:31:02.292672+00:00,2026-01-03T20:01:02.292672+00:00,-55.690482,62.39706,512.26,-42.862,184.973,9353.543,177.43,0.0,-19.17,0,0
ASTROCAST-0401,2026-01-03T04:31:02.292672+00:00,2026-01-03T20:06:02.292672+00:00,-37.036675,55.707296,504.558,-33.307,192.979,7817.836,175.88,0.0,-17.62,0,0
ASTROCAST-0401,2026-01-03T04:31:02.292672+00:00,2026-01-03T20:11:02.292672+00:00,-18.149573,51.219584,497.339,-23.695,203.279,6165.023,173.81,0.0,-15.55,0,0
ASTROCAST-0401,2026-01-03T04:31:02.292672+00:00,2026-01-03T20:16:02.292672+00:00,0.841031,47.377424,492.935,-14.147,219.037,4540.234,171.16,0.0,-12.9,0,0
ASTROCAST-0401,2026-01-03T04:31:02.292672+00:00,2026-01-03T20:21:02.292672+00:00,19.842381,43.507095,492.397,-5.797,247.1,3276.164,168.32,0.0,-10.06,0,0
ASTROCAST-0401,2026-01-03T04:31:02.292672+00:00,2026-01-03T20:26:02.292672+00:00,38.758671,38.902524,495.123,-4.045,289.654,3050.603,167.7,0.0,-9.44,0,0
ASTROCAST-0401,2026-01-03T04:31:02.292672+00:00,2026-01-03T20:31:02.292672+00:00,57.443557,31.801159,499.21,-10.874,323.627,4040.666,170.14,0.0,-11.88,0,0
ASTROCAST-0401,2026-01-03T04:31:02.292672+00:00,2026-01-03T20:36:02.292672+00:00,75.220153,12.452471,502.369,-19.992,343.251,5555.97,172.91,0.0,-14.65,0,0
ASTROCAST-0401,2026-01-03T04:31:02.292672+00:00,2026-01-03T20:41:02.292672+00:00,80.249565,-88.5395,502.963,-29.208,356.281,7156.196,175.11,0.0,-16.85,0,0
ASTROCAST-0401,2026-01-03T04:31:02.292672+00:00,2026-01-03T20:46:02.292672+00:00,63.757408,-124.472627,500.718,-38.218,6.943,8663.015,176.77,0.0,-18.51,0,0
ASTROCAST-0401,2026-01-03T04:31:02.292672+00:00,2026-01-03T20:51:02.292672+00:00,45.23438,-133.609419,496.836,-46.927,17.343,9987.423,178.0,0.0,-19.74,0,0
ASTROCAST-0401,2026-01-03T04:31:02.292672+00:00,2026-01-03T20:56:02.292672+00:00,26.376967,-138.755833,493.475,-55.184,29.089,11074.71,178.9,0.0,-20.64,0,0
ASTROCAST-0401,2026-01-03T04:31:02.292672+00:00,2026-01-03T21:01:02.292672+00:00,7.395956,-142.778493,492.778,-62.659,44.194,11888.765,179.52,0.0,-21.26,0,0
ASTROCAST-0401,2026-01-03T04:31:02.292672+00:00,2026-01-03T21:06:02.292672+00:00,-11.606029,-146.564857,495.868,-68.611,65.653,12407.297,179.89,0.0,-21.63,0,0
ASTROCAST-0401,2026-01-03T04:31:02.292672+00:00,2026-01-03T21:11:02.292672+00:00,-30.537583,-150.728856,502.262,-71.616,95.575,12620.288,180.04,0.0,-21.78,0,0
ASTROCAST-0401,2026-01-03T04:31:02.292672+00:00,2026-01-03T21:16:02.292672+00:00,-49.292338,-156.340076,509.992,-70.387,127.886,12529.304,179.97,0.0,-21.71,0,0
ASTROCAST-0401,2026-01-03T04:31:02.292672+00:00,2026-01-03T21:21:02.292672+00:00,-67.592273,-167.440803,516.394,-65.663,153.293,12147.007,179.7,0.0,-21.44,0,0
ASTROCAST-0401,2026-01-03T04:31:02.292672+00:00,2026-01-03T21:26:02.292672+00:00,-82.144338,136.817644,519.173,-59.106,171.609,11496.912,179.23,0.0,-20.97,0,0
ASTROCAST-0401,2026-01-03T04:31:02.292672+00:00,2026-01-03T21:31:02.292672+00:00,-71.794004,52.413934,517.31,-51.756,186.073,10613.843,178.53,0.0,-20.27,0,0
ASTROCAST-0401,2026-01-03T04:31:02.292672+00:00,2026-01-03T21:36:02.292672+00:00,-53.747597,37.865252,511.453,-44.132,199.103,9545.908,177.61,0.0,-19.35,0,0
ASTROCAST-0401,2026-01-03T04:31:02.292672+00:00,2026-01-03T21:41:02.292672+00:00,-35.05867,31.557372,503.672,-36.551,212.379,8359.351,176.46,0.0,-18.2,0,0
ASTROCAST-0401,2026-01-03T04:31:02.292672+00:00,2026-01-03T21:46:02.292672+00:00,-16.155707,27.182545,496.654,-29.336,227.409,7148.71,175.1,0.0,-16.84,0,0
ASTROCAST-0401,2026-01-03T04:31:02.292672+00:00,2026-01-03T21:51:02.292672+00:00,2.840557,23.3647,492.634,-22.999,245.829,6054.931,173.66,0.0,-15.4,0,0
ASTROCAST-0401,2026-01-03T04:31:02.292672+00:00,2026-01-03T21:56:02.292672+00:00,21.837937,19.456583,492.497,-18.485,268.966,5282.133,172.47,0.0,-14.21,0,0
ASTROCAST-0401,2026-01-03T04:31:02.292672+00:00,2026-01-03T22:01:02.292672+00:00,40.738986,14.708921,495.471,-17.092,295.814,5052.289,172.08,0.0,-13.83,0,0
ASTROCAST-0401,2026-01-03T04:31:02.292672+00:00,2026-01-03T22:06:02.292672+00:00,59.382605,7.096253,499.565,-19.309,322.008,5435.88,172.72,0.0,-14.46,0,0
ASTROCAST-0401,2026-01-03T04:31:02.292672+00:00,2026-01-03T22:11:02.292672+00:00,76.895526,-15.821995,502.513,-24.108,344.158,6270.619,173.96,0.0,-15.7,0,0
ASTROCAST-0401,2026-01-03T04:31:02.292672+00:00,2026-01-03T22:16:02.292672+00:00,78.875924,-120.316056,502.795,-30.18,2.403,7323.25,175.31,0.0,-17.05,0,0
ASTROCAST-0401,2026-01-03T04:31:02.292672+00:00,2026-01-03T22:21:02.292672+00:00,61.839649,-149.476723,500.3,-36.707,18.311,8417.603,176.52,0.0,-18.26,0,0
ASTROCAST-0401,2026-01-03T04:31:02.292672+00:00,2026-01-03T22:26:02.292672+00:00,43.259339,-157.870537,496.364,-43.223,33.393,9442.042,177.52,0.0,-19.26,0,0
ASTROCAST-0401,2026-01-03T04:31:02.292672+00:00,2026-01-03T22:31:02.292672+00:00,24.382562,-162.827546,493.192,-49.387,48.911,10326.815,178.29,0.0,-20.03,0,0
ASTROCAST-0401,2026-01-03T04:31:02.292672+00:00,2026-01-03T22:36:02.292672+00:00,5.394719,-166.794518,492.867,-54.848,65.982,11028.108,178.87,0.0,-20.61,0,0
ASTROCAST-0401,2026-01-03T04:31:02.292672+00:00,2026-01-03T22:41:02.292672+00:00,-13.604361,-170.590472,496.358,-59.158,85.533,11519.83,179.24,0.0,-20.98,0,0
ASTROCAST-0401,2026-01-03T04:31:02.292672+00:00,2026-01-03T22:46:02.292672+00:00,-32.523209,-174.839424,503.006,-61.788,107.819,11789.551,179.45,0.0,-21.19,0,0
ASTROCAST-0401,2026-01-03T04:31:02.292672+00:00,2026-01-03T22:51:02.292672+00:00,-51.25022,179.270128,510.724,-62.31,131.702,11836.255,179.48,0.0,-21.22,0,0
ASTROCAST-0401,2026-01-03T04:31:02.292672+00:00,2026-01-03T22:56:02.292672+00:00,-69.45296,166.860755,516.835,-60.703,154.983,11668.895,179.36,0.0,-21.1,0,0
ASTROCAST-0401,2026-01-03T04:31:02.292672+00:00,2026-01-03T23:01:02.292672+00:00,-82.471689,98.363419,519.144,-57.397,176.102,11305.432,179.08,0.0,-20.82,0,0
ASTROCAST-0401,2026-01-03T04:31:02.292672+00:00,2026-01-03T23:06:02.292672+00:00,-69.96807,26.227757,516.8,-52.983,194.951,10772.429,178.66,0.0,-20.4,0,0
ASTROCAST-0401,2026-01-03T04:31:02.292672+00:00,2026-01-03T23:11:02.292672+00:00,-51.794866,13.400986,510.623,-47.98,212.268,10105.389,178.11,0.0,-19.85,0,0
ASTROCAST-0401,2026-01-03T04:31:02.292672+00:00,2026-01-03T23:16:02.292672+00:00,-33.074093,7.425457,502.793,-42.789,228.973,9349.941,177.43,0.0,-19.17,0,0
ASTROCAST-0401,2026-01-03T04:31:02.292672+00:00,2026-01-03T23:21:02.292672+00:00,-14.156444,3.150569,496.002,-37.749,245.929,8563.751,176.67,0.0,-18.41,0,0
ASTROCAST-0401,2026-01-03T04:31:02.292672+00:00,2026-01-03T23:26:02.292672+00:00,4.844486,-0.649534,492.378,-33.198,263.867,7818.264,175.88,0.0,-17.62,0,0
ASTROCAST-0401,2026-01-03T04:31:02.292672+00:00,2026-01-03T23:31:02.292672+00:00,23.836833,-4.603101,492.632,-29.516,283.303,7197.504,175.16,0.0,-16.9,0,0
ASTROCAST-0401,2026-01-03T04:31:02.292672+00:00,2026-01-03T23:36:02.292672+00:00,42.721066,-9.512885,495.832,-27.116,304.309,6788.043,174.65,0.0,-16.39,0,0
ASTROCAST-0401,2026-01-03T04:31:02.292672+00:00,2026-01-03T23:41:02.292672+00:00,61.317364,-17.72658,499.908,-26.327,326.311,6654.951,174.48,0.0,-16.22,0,0
ASTROCAST-0401,2026-01-03T04:31:02.292672+00:00,2026-01-03T23:46:02.292672+00:00,78.472829,-45.364004,502.626,-27.225,348.249,6812.826,174.68,0.0,-16.42,0,0
ASTROCAST-0401,2026-01-03T04:31:02.292672+00:00,2026-01-03T23:51:02.292672+00:00,77.333283,-150.270951,502.595,-29.569,9.182,7217.993,175.18,0.0,-16.92,0,0
ASTROCAST-0401,2026-01-03T04:31:02.292672+00:00,2026-01-03T23:56:02.292672+00:00,59.906933,-174.335234,499.864,-32.942,28.758,7791.433,175.85,0.0,-17.59,0,0
ASTROCAST-0401,2026-01-03T04:31:02.292672+00:00,2026-01-04T00:01:02.292672+00:00,41.277058,177.899397,495.899,-36.923,47.178,8449.298,176.55,0.0,-18.29,0,0
ASTROCAST-0401,2026-01-03T04:31:02.292672+00:00,2026-01-04T00:06:02.292672+00:00,22.3826,173.110037,492.942,-41.16,64.919,9120.261,177.22,0.0,-18.96,0,0
ASTROCAST-0401,2026-01-03T04:31:02.292672+00:00,2026-01-04T00:11:02.292672+00:00,3.388984,169.190639,493.001,-45.363,82.537,9749.678,177.79,0.0,-19.54,0,0
ASTROCAST-0401,2026-01-03T04:31:02.292672+00:00,2026-01-04T00:16:02.292672+00:00,-15.606179,165.378652,496.886,-49.272,100.558,10297.882,178.27,0.0,-20.01,0,0
ASTROCAST-0401,2026-01-03T04:31:02.292672+00:00,2026-01-04T00:21:02.292672+00:00,-34.511149,161.032975,503.763,-52.633,119.418,10737.251,178.63,0.0,-20.37,0,0
ASTROCAST-0401,2026-01-03T04:31:02.292672+00:00,2026-01-04T00:26:02.292672+00:00,-53.207617,154.822073,511.438,-55.183,139.358,11049.592,178.88,0.0,-20.62,0,0
ASTROCAST-0401,2026-01-03T04:31:02.292672+00:00,2026-01-04T00:31:02.292672+00:00,-71.291149,140.790332,517.233,-56.683,160.293,11224.097,179.02,0.0,-20.76,0,0
ASTROCAST-0401,2026-01-03T04:31:02.292672+00:00,2026-01-04T00:36:02.292672+00:00,-82.284645,59.603767,519.062,-56.967,181.741,11255.857,179.04,0.0,-20.78,0,0
ASTROCAST-0401,2026-01-03T04:31:02.292672+00:00,2026-01-04T00:41:02.292672+00:00,-68.109508,0.431617,516.245,-56.008,202.986,11144.961,178.96,0.0,-20.7,0,0
ASTROCAST-0401,2026-01-03T04:31:02.292672+00:00,2026-01-04T00:46:02.292672+00:00,-49.832916,-11.005453,509.771,-53.931,223.421,10896.198,178.76,0.0,-20.5,0,0
ASTROCAST-0401,2026-01-03T04:31:02.292672+00:00,2026-01-04T00:51:02.292672+00:00,-31.083088,-16.69048,501.924,-50.959,242.797,10519.426,178.45,0.0,-20.2,0,0
ASTROCAST-0401,2026-01-03T04:31:02.292672+00:00,2026-01-04T00:56:02.292672+00:00,-12.151883,-20.877141,495.386,-47.353,261.23,10030.542,178.04,0.0,-19.78,0,0
ASTROCAST-0401,2026-01-03T04:31:02.292672+00:00,2026-01-04T01:01:02.292672+00:00,6.852713,-24.665936,492.166,-43.367,279.076,9453.015,177.53,0.0,-19.27,0,0
ASTROCAST-0401,2026-01-03T04:31:02.292672+00:00,2026-01-04T01:06:02.292672+00:00,25.838942,-28.673164,492.802,-39.25,296.8,8819.914,176.92,0.0,-18.66,0,0
ASTROCAST-0401,2026-01-03T04:31:02.292672+00:00,2026-01-04T01:11:02.292672+00:00,44.704633,-33.766872,496.205,-35.262,314.913,8176.278,176.27,0.0,-18.01,0,0
ASTROCAST-0401,2026-01-03T04:31:02.292672+00:00,2026-01-04T01:16:02.292672+00:00,63.246089,-42.692857,500.236,-31.7,333.891,7581.031,175.61,0.0,-17.35,0,0
ASTROCAST-0401,2026-01-03T04:31:02.292672+00:00,2026-01-04T01:21:02.292672+00:00,79.903598,-76.629687,502.708,-28.919,354.052,7105.916,175.05,0.0,-16.79,0,0
ASTROCAST-0401,2026-01-03T04:31:02.292672+00:00,2026-01-04T01:26:02.292672+00:00,75.674181,-178.866313,502.363,-27.303,15.343,6826.351,174.7,0.0,-16.44,0,0
ASTROCAST-0401,2026-01-03T04:31:02.292672+00:00,2026-01-04T01:31:02.292672+00:00,57.961004,160.926314,499.413,-27.165,37.185,6800.305,174.67,0.0,-16.41,0,0
ASTROCAST-0401,2026-01-03T04:31:02.292672+00:00,2026-01-04T01:36:02.292672+00:00,39.287793,153.696623,495.444,-28.591,58.645,7043.312,174.97,0.0,-16.71,0,0
ASTROCAST-0401,2026-01-03T04:31:02.292672+00:00,2026-01-04T01:41:02.292672+00:00,20.377197,149.055797,492.727,-31.402,78.94,7520.288,175.54,0.0,-17.28,0,0
ASTROCAST-0401,2026-01-03T04:31:02.292672+00:00,2026-01-04T01:46:02.292672+00:00,1.378853,145.17633,493.18,-35.256,97.807,8161.972,176.25,0.0,-17.99,0,0
ASTROCAST-0401,2026-01-03T04:31:02.292672+00:00,2026-01-04T01:51:02.292672+00:00,-17.611373,141.341662,497.449,-39.785,115.488,8889.308,176.99,0.0,-18.73,0,0
ASTROCAST-0401,2026-01-03T04:31:02.292672+00:00,2026-01-04T01:56:02.292672+00:00,-36.501232,136.886144,504.532,-44.65,132.53,9629.269,177.69,0.0,-19.43,0,0
ASTROCAST-0401,2026-01-03T04:31:02.292672+00:00,2026-01-04T02:01:02.292672+00:00,-55.163866,130.305714,512.133,-49.536,149.64,10320.38,178.29,0.0,-20.03,0,0
ASTROCAST-0401,2026-01-03T04:31:02.292672+00:00,2026-01-04T02:06:02.292672+00:00,-73.098208,114.23303,517.586,-54.102,167.614,10912.83,178.77,0.0,-20.51,0,0
ASTROCAST-0401,2026-01-03T04:31:02.292672+00:00,2026-01-04T02:11:02.292672+00:00,-81.614457,22.369373,518.926,-57.939,187.229,11367.0,179.13,0.0,-20.87,0,0
ASTROCAST-0401,2026-01-03T04:31:02.292672+00:00,2026-01-04T02:16:02.292672+00:00,-66.22468,-25.060933,515.646,-60.54,208.905,11652.087,179.34,0.0,-21.08,0,0
ASTROCAST-0401,2026-01-03T04:31:02.292672+00:00,2026-01-04T02:21:02.292672+00:00,-47.862263,-35.36208,508.902,-61.403,232.113,11745.385,179.41,0.0,-21.15,0,0
ASTROCAST-0401,2026-01-03T04:31:02.292672+00:00,2026-01-04T02:26:02.292672+00:00,-29.08579,-40.792239,501.068,-60.26,255.207,11632.301,179.33,0.0,-21.07,0,0
ASTROCAST-0401,2026-01-03T04:31:02.292672+00:00,2026-01-04T02:31:02.292672+00:00,-10.142124,-44.90134,494.806,-57.253,276.483,11307.026,179.08,0.0,-20.82,0,0
ASTROCAST-0401,2026-01-03T04:31:02.292672+00:00,2026-01-04T02:36:02.292672+00:00,8.865131,-48.685193,491.999,-52.806,295.323,10773.716,178.66,0.0,-20.4,0,0
ASTROCAST-0401,2026-01-03T04:31:02.292672+00:00,2026-01-04T02:41:02.292672+00:00,27.844132,-52.754948,493.004,-47.386,312.146,10048.199,178.06,0.0,-19.8,0,0
ASTROCAST-0401,2026-01-03T04:31:02.292672+00:00,2026-01-04T02:46:02.292672+00:00,46.689364,-58.057736,496.585,-41.386,327.839,9160.643,177.25,0.0,-18.99,0,0
ASTROCAST-0401,2026-01-03T04:31:02.292672+00:00,2026-01-04T02:51:02.292672+00:00,65.166489,-67.835686,500.546,-35.146,343.46,8160.355,176.25,0.0,-17.99,0,0
ASTROCAST-0401,2026-01-03T04:31:02.292672+00:00,2026-01-04T02:56:02.292672+00:00,81.11398,-110.142549,502.758,-29.029,0.226,7124.949,175.07,0.0,-16.81,0,0
ASTROCAST-0401,2026-01-03T04:31:02.292672+00:00,2026-01-04T03:01:02.292672+00:00,73.932884,153.537731,502.101,-23.567,19.533,6175.976,173.83,0.0,-15.57,0,0
ASTROCAST-0401,2026-01-03T04:31:02.292672+00:00,2026-01-04T03:06:02.292672+00:00,56.003215,136.287866,498.949,-19.644,42.506,5493.167,172.81,0.0,-14.55,0,0
ASTROCAST-0401,2026-01-03T04:31:02.292672+00:00,2026-01-04T03:11:02.292672+00:00,37.291763,129.517905,495.004,-18.44,68.439,5281.122,172.47,0.0,-14.21,0,0
ASTROCAST-0401,2026-01-03T04:31:02.292672+00:00,2026-01-04T03:16:02.292672+00:00,18.366462,125.008709,492.548,-20.542,93.857,5635.776,173.03,0.0,-14.77,0,0
ASTROCAST-0401,2026-01-03T04:31:02.292672+00:00,2026-01-04T03:21:02.292672+00:00,-0.635567,121.161908,493.404,-25.279,115.579,6451.758,174.21,0.0,-15.95,0,0
ASTROCAST-0401,2026-01-03T04:31:02.292672+00:00,2026-01-04T03:26:02.292672+00:00,-19.619829,117.297636,498.047,-31.548,133.283,7527.477,175.55,0.0,-17.29,0,0
ASTROCAST-0401,2026-01-03T04:31:02.292672+00:00,2026-01-04T03:31:02.292672+00:00,-38.493272,112.717564,505.309,-38.575,148.221,8687.282,176.79,0.0,-18.53,0,0
ASTROCAST-0401,2026-01-03T04:31:02.292672+00:00,2026-01-04T03:36:02.292672+00:00,-57.118145,105.708664,512.804,-45.906,161.855,9807.207,177.85,0.0,-19.59,0,0
ASTROCAST-0401,2026-01-03T04:31:02.292672+00:00,2026-01-04T03:41:02.292672+00:00,-74.861516,87.027215,517.893,-53.217,175.627,10801.395,178.68,0.0,-20.42,0,0
ASTROCAST-0401,2026-01-03T04:31:02.292672+00:00,2026-01-04T03:46:02.292672+00:00,-80.560678,-12.409482,518.736,-60.143,191.25,11608.366,179.31,0.0,-21.05,0,0
ASTROCAST-0401,2026-01-03T04:31:02.292672+00:00,2026-01-04T03:51:02.292672+00:00,-64.318159,-50.313567,515.005,-66.075,211.122,12183.068,179.73,0.0,-21.47,0,0
ASTROCAST-0401,2026-01-03T04:31:02.292672+00:00,2026-01-04T03:56:02.292672+00:00,-45.883333,-59.675561,508.018,-69.885,237.698,12493.008,179.95,0.0,-21.69,0,0
ASTROCAST-0401,2026-01-03T04:31:02.292672+00:00,2026-01-04T04:01:02.292672+00:00,-27.082324,-64.881423,500.229,-70.136,268.834,12516.733,179.96,0.0,-21.71,0,0
ASTROCAST-0401,2026-01-03T04:31:02.292672+00:00,2026-01-04T04:06:02.292672+00:00,-8.127266,-68.922752,494.266,-66.599,296.177,12243.59,179.77,0.0,-21.51,0,0
ASTROCAST-0401,2026-01-03T04:31:02.292672+00:00,2026-01-04T04:11:02.292672+00:00,10.881632,-72.708019,491.875,-60.538,316.167,11674.094,179.36,0.0,-21.1,0,0
ASTROCAST-0401,2026-01-03T04:31:02.292672+00:00,2026-01-04T04:16:02.292672+00:00,29.852259,-76.849956,493.237,-53.13,330.896,10820.542,178.7,0.0,-20.44,0,0
ASTROCAST-0401,2026-01-03T04:31:02.292672+00:00,2026-01-04T04:21:02.292672+00:00,48.674877,-82.391061,496.971,-45.002,342.85,9707.985,177.76,0.0,-19.5,0,0
ASTROCAST-0401,2026-01-03T04:31:02.292672+00:00,2026-01-04T04:26:02.292672+00:00,67.075508,-93.198697,500.837,-36.456,353.836,8376.527,176.48,0.0,-18.22,0,0
